AREA_TEAM_CODE,AREA_TEAM_NAME,SUB_REGION_CODE,SUB_REGION_GEOGRAPHY_CODE,SUB_REGION_NAME,REGION_CODE,REGION_GEOGRAPHY_CODE,REGION_NAME,AREA_TEAM_PRACTICES,AREA_TEAM_LISTSIZE
Q44,"CHESHIRE, WARRINGTON AND WIRRAL AREA TEAM",Q75,E39000026,NHS ENGLAND NORTH (CHESHIRE AND MERSEYSIDE),Y54,E40000001,NORTH OF ENGLAND COMMISSIONING REGION,170,1290923
Q45,"DURHAM, DARLINGTON AND TEES AREA TEAM",Q74,E39000027,NHS ENGLAND NORTH (CUMBRIA AND NORTH EAST),Y54,E40000001,NORTH OF ENGLAND COMMISSIONING REGION,169,1233637
Q46,GREATER MANCHESTER AREA TEAM,Q73,E39000028,NHS ENGLAND NORTH (LANCASHIRE AND GREATER MANCHESTER),Y54,E40000001,NORTH OF ENGLAND COMMISSIONING REGION,490,2918920
Q47,LANCASHIRE AREA TEAM,Q73,E39000028,NHS ENGLAND NORTH (LANCASHIRE AND GREATER MANCHESTER),Y54,E40000001,NORTH OF ENGLAND COMMISSIONING REGION,228,1525022
Q48,MERSEYSIDE AREA TEAM,Q75,E39000026,NHS ENGLAND NORTH (CHESHIRE AND MERSEYSIDE),Y54,E40000001,NORTH OF ENGLAND COMMISSIONING REGION,223,1253945
Q49,"CUMBRIA, NORTHUMBERLAND, TYNE AND WEAR AREA TEAM",Q74,E39000027,NHS ENGLAND NORTH (CUMBRIA AND NORTH EAST),Y54,E40000001,NORTH OF ENGLAND COMMISSIONING REGION,298,1999612
Q50,NORTH YORKSHIRE AND HUMBER AREA TEAM,Q72,E39000029,NHS ENGLAND NORTH (YORKSHIRE AND HUMBER),Y54,E40000001,NORTH OF ENGLAND COMMISSIONING REGION,229,1704759
Q51,SOUTH YORKSHIRE AND BASSETLAW AREA TEAM,Q72,E39000029,NHS ENGLAND NORTH (YORKSHIRE AND HUMBER),Y54,E40000001,NORTH OF ENGLAND COMMISSIONING REGION,214,1521800
Q52,WEST YORKSHIRE AREA TEAM,Q72,E39000029,NHS ENGLAND NORTH (YORKSHIRE AND HUMBER),Y54,E40000001,NORTH OF ENGLAND COMMISSIONING REGION,326,2465910
Q53,"ARDEN, HEREFORDSHIRE AND WORCESTERSHIRE AREA TEAM",Q77,E39000033,NHS ENGLAND MIDLANDS AND EAST (WEST MIDLANDS),Y55,E40000002,MIDLANDS AND EAST OF ENGLAND COMMISSIONING REGION,225,1697074
Q54,BIRMINGHAM AND THE BLACK COUNTRY AREA TEAM,Q77,E39000033,NHS ENGLAND MIDLANDS AND EAST (WEST MIDLANDS),Y55,E40000002,MIDLANDS AND EAST OF ENGLAND COMMISSIONING REGION,446,2647751
Q55,DERBYSHIRE AND NOTTINGHAMSHIRE AREA TEAM,Q76,E39000032,NHS ENGLAND MIDLANDS AND EAST (NORTH MIDLANDS),Y55,E40000002,MIDLANDS AND EAST OF ENGLAND COMMISSIONING REGION,266,2076673
Q56,EAST ANGLIA AREA TEAM,Q79,E39000031,NHS ENGLAND MIDLANDS AND EAST (EAST),Y55,E40000002,MIDLANDS AND EAST OF ENGLAND COMMISSIONING REGION,287,2571875
Q57,ESSEX AREA TEAM,Q79,E39000031,NHS ENGLAND MIDLANDS AND EAST (EAST),Y55,E40000002,MIDLANDS AND EAST OF ENGLAND COMMISSIONING REGION,267,1821683
Q58,HERTFORDSHIRE AND THE SOUTH MIDLANDS AREA TEAM,Q78,E39000030,NHS ENGLAND MIDLANDS AND EAST (CENTRAL MIDLANDS),Y55,E40000002,MIDLANDS AND EAST OF ENGLAND COMMISSIONING REGION,316,2894044
Q59,LEICESTERSHIRE AND LINCOLNSHIRE AREA TEAM,Q78,E39000030,NHS ENGLAND MIDLANDS AND EAST (CENTRAL MIDLANDS),Y55,E40000002,MIDLANDS AND EAST OF ENGLAND COMMISSIONING REGION,242,1833240
Q60,SHROPSHIRE AND STAFFORDSHIRE AREA TEAM,Q76,E39000032,NHS ENGLAND MIDLANDS AND EAST (NORTH MIDLANDS),Y55,E40000002,MIDLANDS AND EAST OF ENGLAND COMMISSIONING REGION,241,1607477
Q64,"BATH, GLOUCESTERSHIRE, SWINDON AND WILTSHIRE AREA TEAM",Q82,E39000034,NHS ENGLAND SOUTH (SOUTH CENTRAL),Y57,E40000004,SOUTH OF ENGLAND COMMISSIONING REGION,192,1546901
Q65,"BRISTOL, NORTH SOMERSET, SOMERSET AND SOUTH GLOUCESTERSHIRE AREA TEAM",Q80,E39000036,NHS ENGLAND SOUTH (SOUTH WEST),Y57,E40000004,SOUTH OF ENGLAND COMMISSIONING REGION,179,1526586
Q66,"DEVON, CORNWALL AND ISLES OF SCILLY AREA TEAM",Q80,E39000036,NHS ENGLAND SOUTH (SOUTH WEST),Y57,E40000004,SOUTH OF ENGLAND COMMISSIONING REGION,226,1721450
Q67,KENT AND MEDWAY AREA TEAM,Q81,E39000035,NHS ENGLAND SOUTH (SOUTH EAST),Y57,E40000004,SOUTH OF ENGLAND COMMISSIONING REGION,256,1816509
Q68,SURREY AND SUSSEX AREA TEAM,Q81,E39000035,NHS ENGLAND SOUTH (SOUTH EAST),Y57,E40000004,SOUTH OF ENGLAND COMMISSIONING REGION,332,2865504
Q69,THAMES VALLEY AREA TEAM,Q82,E39000034,NHS ENGLAND SOUTH (SOUTH CENTRAL),Y57,E40000004,SOUTH OF ENGLAND COMMISSIONING REGION,236,2214731
Q70,WESSEX AREA TEAM,Q70,E39000025,NHS ENGLAND SOUTH (WESSEX),Y57,E40000004,SOUTH OF ENGLAND COMMISSIONING REGION,316,2815938
Q71a,LONDON NORTH EAST AND CENTRAL,Q71,E39000018,NHS ENGLAND LONDON,Y56,E40000003,LONDON COMMISSIONING REGION,551,3527981
Q71b,LONDON NORTH WEST,Q71,E39000018,NHS ENGLAND LONDON,Y56,E40000003,LONDON COMMISSIONING REGION,399,2284612
Q71c,LONDON SOUTH,Q71,E39000018,NHS ENGLAND LONDON,Y56,E40000003,LONDON COMMISSIONING REGION,455,3433097
