CCG_CODE,CCG_GEOGRAPHY_CODE,CCG_NAME,AREA_TEAM_CODE,AREA_TEAM_NAME,SUB_REGION_CODE,SUB_REGION_GEOGRAPHY_CODE,SUB_REGION_NAME,REGION_CODE,REGION_GEOGRAPHY_CODE,REGION_NAME,CCG_PRACTICES,CCG_LISTSIZE
00C,E38000042,NHS DARLINGTON CCG,Q45,"DURHAM, DARLINGTON AND TEES AREA TEAM",Q74,E39000027,NHS ENGLAND NORTH (CUMBRIA AND NORTH EAST),Y54,E40000001,NORTH OF ENGLAND COMMISSIONING REGION,11,106673
00D,E38000047,"NHS DURHAM DALES, EASINGTON AND SEDGEFIELD CCG",Q45,"DURHAM, DARLINGTON AND TEES AREA TEAM",Q74,E39000027,NHS ENGLAND NORTH (CUMBRIA AND NORTH EAST),Y54,E40000001,NORTH OF ENGLAND COMMISSIONING REGION,41,288824
00J,E38000116,NHS NORTH DURHAM CCG,Q45,"DURHAM, DARLINGTON AND TEES AREA TEAM",Q74,E39000027,NHS ENGLAND NORTH (CUMBRIA AND NORTH EAST),Y54,E40000001,NORTH OF ENGLAND COMMISSIONING REGION,31,252951
00K,E38000075,NHS HARTLEPOOL AND STOCKTON-ON-TEES CCG,Q45,"DURHAM, DARLINGTON AND TEES AREA TEAM",Q74,E39000027,NHS ENGLAND NORTH (CUMBRIA AND NORTH EAST),Y54,E40000001,NORTH OF ENGLAND COMMISSIONING REGION,40,293700
00L,E38000130,NHS NORTHUMBERLAND CCG,Q49,"CUMBRIA, NORTHUMBERLAND, TYNE AND WEAR AREA TEAM",Q74,E39000027,NHS ENGLAND NORTH (CUMBRIA AND NORTH EAST),Y54,E40000001,NORTH OF ENGLAND COMMISSIONING REGION,45,322094
00M,E38000162,NHS SOUTH TEES CCG,Q45,"DURHAM, DARLINGTON AND TEES AREA TEAM",Q74,E39000027,NHS ENGLAND NORTH (CUMBRIA AND NORTH EAST),Y54,E40000001,NORTH OF ENGLAND COMMISSIONING REGION,46,291489
00N,E38000163,NHS SOUTH TYNESIDE CCG,Q49,"CUMBRIA, NORTHUMBERLAND, TYNE AND WEAR AREA TEAM",Q74,E39000027,NHS ENGLAND NORTH (CUMBRIA AND NORTH EAST),Y54,E40000001,NORTH OF ENGLAND COMMISSIONING REGION,27,154177
00P,E38000176,NHS SUNDERLAND CCG,Q49,"CUMBRIA, NORTHUMBERLAND, TYNE AND WEAR AREA TEAM",Q74,E39000027,NHS ENGLAND NORTH (CUMBRIA AND NORTH EAST),Y54,E40000001,NORTH OF ENGLAND COMMISSIONING REGION,51,283436
00Q,E38000014,NHS BLACKBURN WITH DARWEN CCG,Q47,LANCASHIRE AREA TEAM,Q73,E39000028,NHS ENGLAND NORTH (LANCASHIRE AND GREATER MANCHESTER),Y54,E40000001,NORTH OF ENGLAND COMMISSIONING REGION,28,170216
00R,E38000015,NHS BLACKPOOL CCG,Q47,LANCASHIRE AREA TEAM,Q73,E39000028,NHS ENGLAND NORTH (LANCASHIRE AND GREATER MANCHESTER),Y54,E40000001,NORTH OF ENGLAND COMMISSIONING REGION,22,171786
00T,E38000016,NHS BOLTON CCG,Q46,GREATER MANCHESTER AREA TEAM,Q73,E39000028,NHS ENGLAND NORTH (LANCASHIRE AND GREATER MANCHESTER),Y54,E40000001,NORTH OF ENGLAND COMMISSIONING REGION,50,299958
00V,E38000024,NHS BURY CCG,Q46,GREATER MANCHESTER AREA TEAM,Q73,E39000028,NHS ENGLAND NORTH (LANCASHIRE AND GREATER MANCHESTER),Y54,E40000001,NORTH OF ENGLAND COMMISSIONING REGION,33,198094
00W,E38000032,NHS CENTRAL MANCHESTER CCG,Q46,GREATER MANCHESTER AREA TEAM,Q73,E39000028,NHS ENGLAND NORTH (LANCASHIRE AND GREATER MANCHESTER),Y54,E40000001,NORTH OF ENGLAND COMMISSIONING REGION,32,223298
00X,E38000034,NHS CHORLEY AND SOUTH RIBBLE CCG,Q47,LANCASHIRE AREA TEAM,Q73,E39000028,NHS ENGLAND NORTH (LANCASHIRE AND GREATER MANCHESTER),Y54,E40000001,NORTH OF ENGLAND COMMISSIONING REGION,32,177605
00Y,E38000135,NHS OLDHAM CCG,Q46,GREATER MANCHESTER AREA TEAM,Q73,E39000028,NHS ENGLAND NORTH (LANCASHIRE AND GREATER MANCHESTER),Y54,E40000001,NORTH OF ENGLAND COMMISSIONING REGION,45,245230
01A,E38000050,NHS EAST LANCASHIRE CCG,Q47,LANCASHIRE AREA TEAM,Q73,E39000028,NHS ENGLAND NORTH (LANCASHIRE AND GREATER MANCHESTER),Y54,E40000001,NORTH OF ENGLAND COMMISSIONING REGION,58,373091
01C,E38000056,NHS EASTERN CHESHIRE CCG,Q44,"CHESHIRE, WARRINGTON AND WIRRAL AREA TEAM",Q75,E39000026,NHS ENGLAND NORTH (CHESHIRE AND MERSEYSIDE),Y54,E40000001,NORTH OF ENGLAND COMMISSIONING REGION,22,205181
01D,E38000080,"NHS HEYWOOD, MIDDLETON AND ROCHDALE CCG",Q46,GREATER MANCHESTER AREA TEAM,Q73,E39000028,NHS ENGLAND NORTH (LANCASHIRE AND GREATER MANCHESTER),Y54,E40000001,NORTH OF ENGLAND COMMISSIONING REGION,37,223939
01E,E38000065,NHS GREATER PRESTON CCG,Q47,LANCASHIRE AREA TEAM,Q73,E39000028,NHS ENGLAND NORTH (LANCASHIRE AND GREATER MANCHESTER),Y54,E40000001,NORTH OF ENGLAND COMMISSIONING REGION,33,210337
01F,E38000068,NHS HALTON CCG,Q48,MERSEYSIDE AREA TEAM,Q75,E39000026,NHS ENGLAND NORTH (CHESHIRE AND MERSEYSIDE),Y54,E40000001,NORTH OF ENGLAND COMMISSIONING REGION,16,127279
01G,E38000143,NHS SALFORD CCG,Q46,GREATER MANCHESTER AREA TEAM,Q73,E39000028,NHS ENGLAND NORTH (LANCASHIRE AND GREATER MANCHESTER),Y54,E40000001,NORTH OF ENGLAND COMMISSIONING REGION,47,258037
01H,E38000041,NHS CUMBRIA CCG,Q49,"CUMBRIA, NORTHUMBERLAND, TYNE AND WEAR AREA TEAM",Q74,E39000027,NHS ENGLAND NORTH (CUMBRIA AND NORTH EAST),Y54,E40000001,NORTH OF ENGLAND COMMISSIONING REGION,81,518919
01J,E38000091,NHS KNOWSLEY CCG,Q48,MERSEYSIDE AREA TEAM,Q75,E39000026,NHS ENGLAND NORTH (CHESHIRE AND MERSEYSIDE),Y54,E40000001,NORTH OF ENGLAND COMMISSIONING REGION,29,161006
01K,E38000093,NHS LANCASHIRE NORTH CCG,Q47,LANCASHIRE AREA TEAM,Q73,E39000028,NHS ENGLAND NORTH (LANCASHIRE AND GREATER MANCHESTER),Y54,E40000001,NORTH OF ENGLAND COMMISSIONING REGION,13,159155
01M,E38000123,NHS NORTH MANCHESTER CCG,Q46,GREATER MANCHESTER AREA TEAM,Q73,E39000028,NHS ENGLAND NORTH (LANCASHIRE AND GREATER MANCHESTER),Y54,E40000001,NORTH OF ENGLAND COMMISSIONING REGION,36,199013
01N,E38000158,NHS SOUTH MANCHESTER CCG,Q46,GREATER MANCHESTER AREA TEAM,Q73,E39000028,NHS ENGLAND NORTH (LANCASHIRE AND GREATER MANCHESTER),Y54,E40000001,NORTH OF ENGLAND COMMISSIONING REGION,24,165146
01R,E38000151,NHS SOUTH CHESHIRE CCG,Q44,"CHESHIRE, WARRINGTON AND WIRRAL AREA TEAM",Q75,E39000026,NHS ENGLAND NORTH (CHESHIRE AND MERSEYSIDE),Y54,E40000001,NORTH OF ENGLAND COMMISSIONING REGION,18,178377
01T,E38000161,NHS SOUTH SEFTON CCG,Q48,MERSEYSIDE AREA TEAM,Q75,E39000026,NHS ENGLAND NORTH (CHESHIRE AND MERSEYSIDE),Y54,E40000001,NORTH OF ENGLAND COMMISSIONING REGION,31,147634
01V,E38000170,NHS SOUTHPORT AND FORMBY CCG,Q48,MERSEYSIDE AREA TEAM,Q75,E39000026,NHS ENGLAND NORTH (CHESHIRE AND MERSEYSIDE),Y54,E40000001,NORTH OF ENGLAND COMMISSIONING REGION,19,123071
01W,E38000174,NHS STOCKPORT CCG,Q46,GREATER MANCHESTER AREA TEAM,Q73,E39000028,NHS ENGLAND NORTH (LANCASHIRE AND GREATER MANCHESTER),Y54,E40000001,NORTH OF ENGLAND COMMISSIONING REGION,47,303259
01X,E38000172,NHS ST HELENS CCG,Q48,MERSEYSIDE AREA TEAM,Q75,E39000026,NHS ENGLAND NORTH (CHESHIRE AND MERSEYSIDE),Y54,E40000001,NORTH OF ENGLAND COMMISSIONING REGION,35,190541
01Y,E38000182,NHS TAMESIDE AND GLOSSOP CCG,Q46,GREATER MANCHESTER AREA TEAM,Q73,E39000028,NHS ENGLAND NORTH (LANCASHIRE AND GREATER MANCHESTER),Y54,E40000001,NORTH OF ENGLAND COMMISSIONING REGION,41,242755
02A,E38000187,NHS TRAFFORD CCG,Q46,GREATER MANCHESTER AREA TEAM,Q73,E39000028,NHS ENGLAND NORTH (LANCASHIRE AND GREATER MANCHESTER),Y54,E40000001,NORTH OF ENGLAND COMMISSIONING REGION,35,237854
02D,E38000189,NHS VALE ROYAL CCG,Q44,"CHESHIRE, WARRINGTON AND WIRRAL AREA TEAM",Q75,E39000026,NHS ENGLAND NORTH (CHESHIRE AND MERSEYSIDE),Y54,E40000001,NORTH OF ENGLAND COMMISSIONING REGION,12,102934
02E,E38000194,NHS WARRINGTON CCG,Q44,"CHESHIRE, WARRINGTON AND WIRRAL AREA TEAM",Q75,E39000026,NHS ENGLAND NORTH (CHESHIRE AND MERSEYSIDE),Y54,E40000001,NORTH OF ENGLAND COMMISSIONING REGION,26,212955
02F,E38000196,NHS WEST CHESHIRE CCG,Q44,"CHESHIRE, WARRINGTON AND WIRRAL AREA TEAM",Q75,E39000026,NHS ENGLAND NORTH (CHESHIRE AND MERSEYSIDE),Y54,E40000001,NORTH OF ENGLAND COMMISSIONING REGION,36,258389
02G,E38000200,NHS WEST LANCASHIRE CCG,Q47,LANCASHIRE AREA TEAM,Q73,E39000028,NHS ENGLAND NORTH (LANCASHIRE AND GREATER MANCHESTER),Y54,E40000001,NORTH OF ENGLAND COMMISSIONING REGION,22,112122
02H,E38000205,NHS WIGAN BOROUGH CCG,Q46,GREATER MANCHESTER AREA TEAM,Q73,E39000028,NHS ENGLAND NORTH (LANCASHIRE AND GREATER MANCHESTER),Y54,E40000001,NORTH OF ENGLAND COMMISSIONING REGION,63,322337
02M,E38000060,NHS FYLDE & WYRE CCG,Q47,LANCASHIRE AREA TEAM,Q73,E39000028,NHS ENGLAND NORTH (LANCASHIRE AND GREATER MANCHESTER),Y54,E40000001,NORTH OF ENGLAND COMMISSIONING REGION,20,150710
02N,E38000001,"NHS AIREDALE, WHARFEDALE AND CRAVEN CCG",Q52,WEST YORKSHIRE AREA TEAM,Q72,E39000029,NHS ENGLAND NORTH (YORKSHIRE AND HUMBER),Y54,E40000001,NORTH OF ENGLAND COMMISSIONING REGION,17,157332
02P,E38000006,NHS BARNSLEY CCG,Q51,SOUTH YORKSHIRE AND BASSETLAW AREA TEAM,Q72,E39000029,NHS ENGLAND NORTH (YORKSHIRE AND HUMBER),Y54,E40000001,NORTH OF ENGLAND COMMISSIONING REGION,36,250893
02Q,E38000008,NHS BASSETLAW CCG,Q51,SOUTH YORKSHIRE AND BASSETLAW AREA TEAM,Q72,E39000029,NHS ENGLAND NORTH (YORKSHIRE AND HUMBER),Y54,E40000001,NORTH OF ENGLAND COMMISSIONING REGION,12,113570
02R,E38000019,NHS BRADFORD DISTRICTS CCG,Q52,WEST YORKSHIRE AREA TEAM,Q72,E39000029,NHS ENGLAND NORTH (YORKSHIRE AND HUMBER),Y54,E40000001,NORTH OF ENGLAND COMMISSIONING REGION,41,337844
02T,E38000025,NHS CALDERDALE CCG,Q52,WEST YORKSHIRE AREA TEAM,Q72,E39000029,NHS ENGLAND NORTH (YORKSHIRE AND HUMBER),Y54,E40000001,NORTH OF ENGLAND COMMISSIONING REGION,26,217058
02V,E38000094,NHS LEEDS NORTH CCG,Q52,WEST YORKSHIRE AREA TEAM,Q72,E39000029,NHS ENGLAND NORTH (YORKSHIRE AND HUMBER),Y54,E40000001,NORTH OF ENGLAND COMMISSIONING REGION,27,202023
02W,E38000018,NHS BRADFORD CITY CCG,Q52,WEST YORKSHIRE AREA TEAM,Q72,E39000029,NHS ENGLAND NORTH (YORKSHIRE AND HUMBER),Y54,E40000001,NORTH OF ENGLAND COMMISSIONING REGION,27,121841
02X,E38000044,NHS DONCASTER CCG,Q51,SOUTH YORKSHIRE AND BASSETLAW AREA TEAM,Q72,E39000029,NHS ENGLAND NORTH (YORKSHIRE AND HUMBER),Y54,E40000001,NORTH OF ENGLAND COMMISSIONING REGION,43,312250
02Y,E38000052,NHS EAST RIDING OF YORKSHIRE CCG,Q50,NORTH YORKSHIRE AND HUMBER AREA TEAM,Q72,E39000029,NHS ENGLAND NORTH (YORKSHIRE AND HUMBER),Y54,E40000001,NORTH OF ENGLAND COMMISSIONING REGION,37,301715
03A,E38000064,NHS GREATER HUDDERSFIELD CCG,Q52,WEST YORKSHIRE AREA TEAM,Q72,E39000029,NHS ENGLAND NORTH (YORKSHIRE AND HUMBER),Y54,E40000001,NORTH OF ENGLAND COMMISSIONING REGION,39,243649
03C,E38000096,NHS LEEDS WEST CCG,Q52,WEST YORKSHIRE AREA TEAM,Q72,E39000029,NHS ENGLAND NORTH (YORKSHIRE AND HUMBER),Y54,E40000001,NORTH OF ENGLAND COMMISSIONING REGION,38,367631
03D,E38000069,"NHS HAMBLETON, RICHMONDSHIRE AND WHITBY CCG",Q50,NORTH YORKSHIRE AND HUMBER AREA TEAM,Q72,E39000029,NHS ENGLAND NORTH (YORKSHIRE AND HUMBER),Y54,E40000001,NORTH OF ENGLAND COMMISSIONING REGION,22,142537
03E,E38000073,NHS HARROGATE AND RURAL DISTRICT CCG,Q50,NORTH YORKSHIRE AND HUMBER AREA TEAM,Q72,E39000029,NHS ENGLAND NORTH (YORKSHIRE AND HUMBER),Y54,E40000001,NORTH OF ENGLAND COMMISSIONING REGION,18,161326
03F,E38000085,NHS HULL CCG,Q50,NORTH YORKSHIRE AND HUMBER AREA TEAM,Q72,E39000029,NHS ENGLAND NORTH (YORKSHIRE AND HUMBER),Y54,E40000001,NORTH OF ENGLAND COMMISSIONING REGION,57,290393
03G,E38000095,NHS LEEDS SOUTH AND EAST CCG,Q52,WEST YORKSHIRE AREA TEAM,Q72,E39000029,NHS ENGLAND NORTH (YORKSHIRE AND HUMBER),Y54,E40000001,NORTH OF ENGLAND COMMISSIONING REGION,42,268988
03H,E38000119,NHS NORTH EAST LINCOLNSHIRE CCG,Q50,NORTH YORKSHIRE AND HUMBER AREA TEAM,Q72,E39000029,NHS ENGLAND NORTH (YORKSHIRE AND HUMBER),Y54,E40000001,NORTH OF ENGLAND COMMISSIONING REGION,30,168792
03J,E38000121,NHS NORTH KIRKLEES CCG,Q52,WEST YORKSHIRE AREA TEAM,Q72,E39000029,NHS ENGLAND NORTH (YORKSHIRE AND HUMBER),Y54,E40000001,NORTH OF ENGLAND COMMISSIONING REGION,29,188519
03K,E38000122,NHS NORTH LINCOLNSHIRE CCG,Q50,NORTH YORKSHIRE AND HUMBER AREA TEAM,Q72,E39000029,NHS ENGLAND NORTH (YORKSHIRE AND HUMBER),Y54,E40000001,NORTH OF ENGLAND COMMISSIONING REGION,20,170261
03L,E38000141,NHS ROTHERHAM CCG,Q51,SOUTH YORKSHIRE AND BASSETLAW AREA TEAM,Q72,E39000029,NHS ENGLAND NORTH (YORKSHIRE AND HUMBER),Y54,E40000001,NORTH OF ENGLAND COMMISSIONING REGION,36,258688
03M,E38000145,NHS SCARBOROUGH AND RYEDALE CCG,Q50,NORTH YORKSHIRE AND HUMBER AREA TEAM,Q72,E39000029,NHS ENGLAND NORTH (YORKSHIRE AND HUMBER),Y54,E40000001,NORTH OF ENGLAND COMMISSIONING REGION,15,118645
03N,E38000146,NHS SHEFFIELD CCG,Q51,SOUTH YORKSHIRE AND BASSETLAW AREA TEAM,Q72,E39000029,NHS ENGLAND NORTH (YORKSHIRE AND HUMBER),Y54,E40000001,NORTH OF ENGLAND COMMISSIONING REGION,87,586399
03Q,E38000188,NHS VALE OF YORK CCG,Q50,NORTH YORKSHIRE AND HUMBER AREA TEAM,Q72,E39000029,NHS ENGLAND NORTH (YORKSHIRE AND HUMBER),Y54,E40000001,NORTH OF ENGLAND COMMISSIONING REGION,30,351090
03R,E38000190,NHS WAKEFIELD CCG,Q52,WEST YORKSHIRE AREA TEAM,Q72,E39000029,NHS ENGLAND NORTH (YORKSHIRE AND HUMBER),Y54,E40000001,NORTH OF ENGLAND COMMISSIONING REGION,40,361025
03T,E38000099,NHS LINCOLNSHIRE EAST CCG,Q59,LEICESTERSHIRE AND LINCOLNSHIRE AREA TEAM,Q78,E39000030,NHS ENGLAND MIDLANDS AND EAST (CENTRAL MIDLANDS),Y55,E40000002,MIDLANDS AND EAST OF ENGLAND COMMISSIONING REGION,30,244938
03V,E38000037,NHS CORBY CCG,Q58,HERTFORDSHIRE AND THE SOUTH MIDLANDS AREA TEAM,Q78,E39000030,NHS ENGLAND MIDLANDS AND EAST (CENTRAL MIDLANDS),Y55,E40000002,MIDLANDS AND EAST OF ENGLAND COMMISSIONING REGION,5,73380
03W,E38000051,NHS EAST LEICESTERSHIRE AND RUTLAND CCG,Q59,LEICESTERSHIRE AND LINCOLNSHIRE AREA TEAM,Q78,E39000030,NHS ENGLAND MIDLANDS AND EAST (CENTRAL MIDLANDS),Y55,E40000002,MIDLANDS AND EAST OF ENGLAND COMMISSIONING REGION,33,322450
03X,E38000058,NHS EREWASH CCG,Q55,DERBYSHIRE AND NOTTINGHAMSHIRE AREA TEAM,Q76,E39000032,NHS ENGLAND MIDLANDS AND EAST (NORTH MIDLANDS),Y55,E40000002,MIDLANDS AND EAST OF ENGLAND COMMISSIONING REGION,12,97258
03Y,E38000071,NHS HARDWICK CCG,Q55,DERBYSHIRE AND NOTTINGHAMSHIRE AREA TEAM,Q76,E39000032,NHS ENGLAND MIDLANDS AND EAST (NORTH MIDLANDS),Y55,E40000002,MIDLANDS AND EAST OF ENGLAND COMMISSIONING REGION,16,102451
04C,E38000097,NHS LEICESTER CITY CCG,Q59,LEICESTERSHIRE AND LINCOLNSHIRE AREA TEAM,Q78,E39000030,NHS ENGLAND MIDLANDS AND EAST (CENTRAL MIDLANDS),Y55,E40000002,MIDLANDS AND EAST OF ENGLAND COMMISSIONING REGION,62,381461
04D,E38000100,NHS LINCOLNSHIRE WEST CCG,Q59,LEICESTERSHIRE AND LINCOLNSHIRE AREA TEAM,Q78,E39000030,NHS ENGLAND MIDLANDS AND EAST (CENTRAL MIDLANDS),Y55,E40000002,MIDLANDS AND EAST OF ENGLAND COMMISSIONING REGION,33,215985
04E,E38000103,NHS MANSFIELD AND ASHFIELD CCG,Q55,DERBYSHIRE AND NOTTINGHAMSHIRE AREA TEAM,Q76,E39000032,NHS ENGLAND MIDLANDS AND EAST (NORTH MIDLANDS),Y55,E40000002,MIDLANDS AND EAST OF ENGLAND COMMISSIONING REGION,28,188033
04F,E38000107,NHS MILTON KEYNES CCG,Q58,HERTFORDSHIRE AND THE SOUTH MIDLANDS AREA TEAM,Q78,E39000030,NHS ENGLAND MIDLANDS AND EAST (CENTRAL MIDLANDS),Y55,E40000002,MIDLANDS AND EAST OF ENGLAND COMMISSIONING REGION,27,279399
04G,E38000108,NHS NENE CCG,Q58,HERTFORDSHIRE AND THE SOUTH MIDLANDS AREA TEAM,Q78,E39000030,NHS ENGLAND MIDLANDS AND EAST (CENTRAL MIDLANDS),Y55,E40000002,MIDLANDS AND EAST OF ENGLAND COMMISSIONING REGION,69,652792
04H,E38000109,NHS NEWARK & SHERWOOD CCG,Q55,DERBYSHIRE AND NOTTINGHAMSHIRE AREA TEAM,Q76,E39000032,NHS ENGLAND MIDLANDS AND EAST (NORTH MIDLANDS),Y55,E40000002,MIDLANDS AND EAST OF ENGLAND COMMISSIONING REGION,14,130240
04J,E38000115,NHS NORTH DERBYSHIRE CCG,Q55,DERBYSHIRE AND NOTTINGHAMSHIRE AREA TEAM,Q76,E39000032,NHS ENGLAND MIDLANDS AND EAST (NORTH MIDLANDS),Y55,E40000002,MIDLANDS AND EAST OF ENGLAND COMMISSIONING REGION,36,290367
04K,E38000132,NHS NOTTINGHAM CITY CCG,Q55,DERBYSHIRE AND NOTTINGHAMSHIRE AREA TEAM,Q76,E39000032,NHS ENGLAND MIDLANDS AND EAST (NORTH MIDLANDS),Y55,E40000002,MIDLANDS AND EAST OF ENGLAND COMMISSIONING REGION,59,360832
04L,E38000133,NHS NOTTINGHAM NORTH AND EAST CCG,Q55,DERBYSHIRE AND NOTTINGHAMSHIRE AREA TEAM,Q76,E39000032,NHS ENGLAND MIDLANDS AND EAST (NORTH MIDLANDS),Y55,E40000002,MIDLANDS AND EAST OF ENGLAND COMMISSIONING REGION,21,149009
04M,E38000134,NHS NOTTINGHAM WEST CCG,Q55,DERBYSHIRE AND NOTTINGHAMSHIRE AREA TEAM,Q76,E39000032,NHS ENGLAND MIDLANDS AND EAST (NORTH MIDLANDS),Y55,E40000002,MIDLANDS AND EAST OF ENGLAND COMMISSIONING REGION,12,94418
04N,E38000142,NHS RUSHCLIFFE CCG,Q55,DERBYSHIRE AND NOTTINGHAMSHIRE AREA TEAM,Q76,E39000032,NHS ENGLAND MIDLANDS AND EAST (NORTH MIDLANDS),Y55,E40000002,MIDLANDS AND EAST OF ENGLAND COMMISSIONING REGION,12,123427
04Q,E38000165,NHS SOUTH WEST LINCOLNSHIRE CCG,Q59,LEICESTERSHIRE AND LINCOLNSHIRE AREA TEAM,Q78,E39000030,NHS ENGLAND MIDLANDS AND EAST (CENTRAL MIDLANDS),Y55,E40000002,MIDLANDS AND EAST OF ENGLAND COMMISSIONING REGION,19,131412
04R,E38000169,NHS SOUTHERN DERBYSHIRE CCG,Q55,DERBYSHIRE AND NOTTINGHAMSHIRE AREA TEAM,Q76,E39000032,NHS ENGLAND MIDLANDS AND EAST (NORTH MIDLANDS),Y55,E40000002,MIDLANDS AND EAST OF ENGLAND COMMISSIONING REGION,56,540638
04V,E38000201,NHS WEST LEICESTERSHIRE CCG,Q59,LEICESTERSHIRE AND LINCOLNSHIRE AREA TEAM,Q78,E39000030,NHS ENGLAND MIDLANDS AND EAST (CENTRAL MIDLANDS),Y55,E40000002,MIDLANDS AND EAST OF ENGLAND COMMISSIONING REGION,50,375234
04X,E38000013,NHS BIRMINGHAM SOUTH AND CENTRAL CCG,Q54,BIRMINGHAM AND THE BLACK COUNTRY AREA TEAM,Q77,E39000033,NHS ENGLAND MIDLANDS AND EAST (WEST MIDLANDS),Y55,E40000002,MIDLANDS AND EAST OF ENGLAND COMMISSIONING REGION,45,253131
04Y,E38000028,NHS CANNOCK CHASE CCG,Q60,SHROPSHIRE AND STAFFORDSHIRE AREA TEAM,Q76,E39000032,NHS ENGLAND MIDLANDS AND EAST (NORTH MIDLANDS),Y55,E40000002,MIDLANDS AND EAST OF ENGLAND COMMISSIONING REGION,26,131343
05A,E38000038,NHS COVENTRY AND RUGBY CCG,Q53,"ARDEN, HEREFORDSHIRE AND WORCESTERSHIRE AREA TEAM",Q77,E39000033,NHS ENGLAND MIDLANDS AND EAST (WEST MIDLANDS),Y55,E40000002,MIDLANDS AND EAST OF ENGLAND COMMISSIONING REGION,72,472725
05C,E38000046,NHS DUDLEY CCG,Q54,BIRMINGHAM AND THE BLACK COUNTRY AREA TEAM,Q77,E39000033,NHS ENGLAND MIDLANDS AND EAST (WEST MIDLANDS),Y55,E40000002,MIDLANDS AND EAST OF ENGLAND COMMISSIONING REGION,47,314403
05D,E38000053,NHS EAST STAFFORDSHIRE CCG,Q60,SHROPSHIRE AND STAFFORDSHIRE AREA TEAM,Q76,E39000032,NHS ENGLAND MIDLANDS AND EAST (NORTH MIDLANDS),Y55,E40000002,MIDLANDS AND EAST OF ENGLAND COMMISSIONING REGION,19,137303
05F,E38000078,NHS HEREFORDSHIRE CCG,Q53,"ARDEN, HEREFORDSHIRE AND WORCESTERSHIRE AREA TEAM",Q77,E39000033,NHS ENGLAND MIDLANDS AND EAST (WEST MIDLANDS),Y55,E40000002,MIDLANDS AND EAST OF ENGLAND COMMISSIONING REGION,24,183098
05G,E38000126,NHS NORTH STAFFORDSHIRE CCG,Q60,SHROPSHIRE AND STAFFORDSHIRE AREA TEAM,Q76,E39000032,NHS ENGLAND MIDLANDS AND EAST (NORTH MIDLANDS),Y55,E40000002,MIDLANDS AND EAST OF ENGLAND COMMISSIONING REGION,33,215433
05H,E38000195,NHS WARWICKSHIRE NORTH CCG,Q53,"ARDEN, HEREFORDSHIRE AND WORCESTERSHIRE AREA TEAM",Q77,E39000033,NHS ENGLAND MIDLANDS AND EAST (WEST MIDLANDS),Y55,E40000002,MIDLANDS AND EAST OF ENGLAND COMMISSIONING REGION,27,181440
05J,E38000139,NHS REDDITCH AND BROMSGROVE CCG,Q53,"ARDEN, HEREFORDSHIRE AND WORCESTERSHIRE AREA TEAM",Q77,E39000033,NHS ENGLAND MIDLANDS AND EAST (WEST MIDLANDS),Y55,E40000002,MIDLANDS AND EAST OF ENGLAND COMMISSIONING REGION,22,173152
05L,E38000144,NHS SANDWELL AND WEST BIRMINGHAM CCG,Q54,BIRMINGHAM AND THE BLACK COUNTRY AREA TEAM,Q77,E39000033,NHS ENGLAND MIDLANDS AND EAST (WEST MIDLANDS),Y55,E40000002,MIDLANDS AND EAST OF ENGLAND COMMISSIONING REGION,101,549398
05N,E38000147,NHS SHROPSHIRE CCG,Q60,SHROPSHIRE AND STAFFORDSHIRE AREA TEAM,Q76,E39000032,NHS ENGLAND MIDLANDS AND EAST (NORTH MIDLANDS),Y55,E40000002,MIDLANDS AND EAST OF ENGLAND COMMISSIONING REGION,44,302364
05P,E38000149,NHS SOLIHULL CCG,Q54,BIRMINGHAM AND THE BLACK COUNTRY AREA TEAM,Q77,E39000033,NHS ENGLAND MIDLANDS AND EAST (WEST MIDLANDS),Y55,E40000002,MIDLANDS AND EAST OF ENGLAND COMMISSIONING REGION,32,241188
05Q,E38000153,NHS SOUTH EAST STAFFORDSHIRE AND SEISDON PENINSULA CCG,Q60,SHROPSHIRE AND STAFFORDSHIRE AREA TEAM,Q76,E39000032,NHS ENGLAND MIDLANDS AND EAST (NORTH MIDLANDS),Y55,E40000002,MIDLANDS AND EAST OF ENGLAND COMMISSIONING REGION,31,214085
05R,E38000164,NHS SOUTH WARWICKSHIRE CCG,Q53,"ARDEN, HEREFORDSHIRE AND WORCESTERSHIRE AREA TEAM",Q77,E39000033,NHS ENGLAND MIDLANDS AND EAST (WEST MIDLANDS),Y55,E40000002,MIDLANDS AND EAST OF ENGLAND COMMISSIONING REGION,36,275457
05T,E38000166,NHS SOUTH WORCESTERSHIRE CCG,Q53,"ARDEN, HEREFORDSHIRE AND WORCESTERSHIRE AREA TEAM",Q77,E39000033,NHS ENGLAND MIDLANDS AND EAST (WEST MIDLANDS),Y55,E40000002,MIDLANDS AND EAST OF ENGLAND COMMISSIONING REGION,32,297973
05V,E38000173,NHS STAFFORD AND SURROUNDS CCG,Q60,SHROPSHIRE AND STAFFORDSHIRE AREA TEAM,Q76,E39000032,NHS ENGLAND MIDLANDS AND EAST (NORTH MIDLANDS),Y55,E40000002,MIDLANDS AND EAST OF ENGLAND COMMISSIONING REGION,14,145568
05W,E38000175,NHS STOKE ON TRENT CCG,Q60,SHROPSHIRE AND STAFFORDSHIRE AREA TEAM,Q76,E39000032,NHS ENGLAND MIDLANDS AND EAST (NORTH MIDLANDS),Y55,E40000002,MIDLANDS AND EAST OF ENGLAND COMMISSIONING REGION,52,283893
05X,E38000183,NHS TELFORD AND WREKIN CCG,Q60,SHROPSHIRE AND STAFFORDSHIRE AREA TEAM,Q76,E39000032,NHS ENGLAND MIDLANDS AND EAST (NORTH MIDLANDS),Y55,E40000002,MIDLANDS AND EAST OF ENGLAND COMMISSIONING REGION,22,177488
05Y,E38000191,NHS WALSALL CCG,Q54,BIRMINGHAM AND THE BLACK COUNTRY AREA TEAM,Q77,E39000033,NHS ENGLAND MIDLANDS AND EAST (WEST MIDLANDS),Y55,E40000002,MIDLANDS AND EAST OF ENGLAND COMMISSIONING REGION,61,276296
06A,E38000210,NHS WOLVERHAMPTON CCG,Q54,BIRMINGHAM AND THE BLACK COUNTRY AREA TEAM,Q77,E39000033,NHS ENGLAND MIDLANDS AND EAST (WEST MIDLANDS),Y55,E40000002,MIDLANDS AND EAST OF ENGLAND COMMISSIONING REGION,47,264644
06D,E38000211,NHS WYRE FOREST CCG,Q53,"ARDEN, HEREFORDSHIRE AND WORCESTERSHIRE AREA TEAM",Q77,E39000033,NHS ENGLAND MIDLANDS AND EAST (WEST MIDLANDS),Y55,E40000002,MIDLANDS AND EAST OF ENGLAND COMMISSIONING REGION,12,113229
06F,E38000010,NHS BEDFORDSHIRE CCG,Q58,HERTFORDSHIRE AND THE SOUTH MIDLANDS AREA TEAM,Q78,E39000030,NHS ENGLAND MIDLANDS AND EAST (CENTRAL MIDLANDS),Y55,E40000002,MIDLANDS AND EAST OF ENGLAND COMMISSIONING REGION,55,457600
06H,E38000026,NHS CAMBRIDGESHIRE AND PETERBOROUGH CCG,Q56,EAST ANGLIA AREA TEAM,Q79,E39000031,NHS ENGLAND MIDLANDS AND EAST (EAST),Y55,E40000002,MIDLANDS AND EAST OF ENGLAND COMMISSIONING REGION,107,910310
06K,E38000049,NHS EAST AND NORTH HERTFORDSHIRE CCG,Q58,HERTFORDSHIRE AND THE SOUTH MIDLANDS AREA TEAM,Q78,E39000030,NHS ENGLAND MIDLANDS AND EAST (CENTRAL MIDLANDS),Y55,E40000002,MIDLANDS AND EAST OF ENGLAND COMMISSIONING REGION,59,583155
06L,E38000086,NHS IPSWICH AND EAST SUFFOLK CCG,Q56,EAST ANGLIA AREA TEAM,Q79,E39000031,NHS ENGLAND MIDLANDS AND EAST (EAST),Y55,E40000002,MIDLANDS AND EAST OF ENGLAND COMMISSIONING REGION,41,396958
06M,E38000063,NHS GREAT YARMOUTH AND WAVENEY CCG,Q56,EAST ANGLIA AREA TEAM,Q79,E39000031,NHS ENGLAND MIDLANDS AND EAST (EAST),Y55,E40000002,MIDLANDS AND EAST OF ENGLAND COMMISSIONING REGION,26,235077
06N,E38000079,NHS HERTS VALLEYS CCG,Q58,HERTFORDSHIRE AND THE SOUTH MIDLANDS AREA TEAM,Q78,E39000030,NHS ENGLAND MIDLANDS AND EAST (CENTRAL MIDLANDS),Y55,E40000002,MIDLANDS AND EAST OF ENGLAND COMMISSIONING REGION,70,624452
06P,E38000102,NHS LUTON CCG,Q58,HERTFORDSHIRE AND THE SOUTH MIDLANDS AREA TEAM,Q78,E39000030,NHS ENGLAND MIDLANDS AND EAST (CENTRAL MIDLANDS),Y55,E40000002,MIDLANDS AND EAST OF ENGLAND COMMISSIONING REGION,31,223266
06Q,E38000106,NHS MID ESSEX CCG,Q57,ESSEX AREA TEAM,Q79,E39000031,NHS ENGLAND MIDLANDS AND EAST (EAST),Y55,E40000002,MIDLANDS AND EAST OF ENGLAND COMMISSIONING REGION,48,380042
06T,E38000117,NHS NORTH EAST ESSEX CCG,Q57,ESSEX AREA TEAM,Q79,E39000031,NHS ENGLAND MIDLANDS AND EAST (EAST),Y55,E40000002,MIDLANDS AND EAST OF ENGLAND COMMISSIONING REGION,42,336767
06V,E38000124,NHS NORTH NORFOLK CCG,Q56,EAST ANGLIA AREA TEAM,Q79,E39000031,NHS ENGLAND MIDLANDS AND EAST (EAST),Y55,E40000002,MIDLANDS AND EAST OF ENGLAND COMMISSIONING REGION,19,169954
06W,E38000131,NHS NORWICH CCG,Q56,EAST ANGLIA AREA TEAM,Q79,E39000031,NHS ENGLAND MIDLANDS AND EAST (EAST),Y55,E40000002,MIDLANDS AND EAST OF ENGLAND COMMISSIONING REGION,23,215174
06Y,E38000159,NHS SOUTH NORFOLK CCG,Q56,EAST ANGLIA AREA TEAM,Q79,E39000031,NHS ENGLAND MIDLANDS AND EAST (EAST),Y55,E40000002,MIDLANDS AND EAST OF ENGLAND COMMISSIONING REGION,25,230986
07G,E38000185,NHS THURROCK CCG,Q57,ESSEX AREA TEAM,Q79,E39000031,NHS ENGLAND MIDLANDS AND EAST (EAST),Y55,E40000002,MIDLANDS AND EAST OF ENGLAND COMMISSIONING REGION,33,168576
07H,E38000197,NHS WEST ESSEX CCG,Q57,ESSEX AREA TEAM,Q79,E39000031,NHS ENGLAND MIDLANDS AND EAST (EAST),Y55,E40000002,MIDLANDS AND EAST OF ENGLAND COMMISSIONING REGION,38,298767
07J,E38000203,NHS WEST NORFOLK CCG,Q56,EAST ANGLIA AREA TEAM,Q79,E39000031,NHS ENGLAND MIDLANDS AND EAST (EAST),Y55,E40000002,MIDLANDS AND EAST OF ENGLAND COMMISSIONING REGION,21,170314
07K,E38000204,NHS WEST SUFFOLK CCG,Q56,EAST ANGLIA AREA TEAM,Q79,E39000031,NHS ENGLAND MIDLANDS AND EAST (EAST),Y55,E40000002,MIDLANDS AND EAST OF ENGLAND COMMISSIONING REGION,25,243102
07L,E38000004,NHS BARKING AND DAGENHAM CCG,Q71a,LONDON NORTH EAST AND CENTRAL,Q71,E39000018,NHS ENGLAND LONDON,Y56,E40000003,LONDON COMMISSIONING REGION,39,207705
07M,E38000005,NHS BARNET CCG,Q71a,LONDON NORTH EAST AND CENTRAL,Q71,E39000018,NHS ENGLAND LONDON,Y56,E40000003,LONDON COMMISSIONING REGION,67,396936
07N,E38000011,NHS BEXLEY CCG,Q71c,LONDON SOUTH,Q71,E39000018,NHS ENGLAND LONDON,Y56,E40000003,LONDON COMMISSIONING REGION,27,231958
07P,E38000020,NHS BRENT CCG,Q71b,LONDON NORTH WEST,Q71,E39000018,NHS ENGLAND LONDON,Y56,E40000003,LONDON COMMISSIONING REGION,67,363208
07Q,E38000023,NHS BROMLEY CCG,Q71c,LONDON SOUTH,Q71,E39000018,NHS ENGLAND LONDON,Y56,E40000003,LONDON COMMISSIONING REGION,45,337516
07R,E38000027,NHS CAMDEN CCG,Q71a,LONDON NORTH EAST AND CENTRAL,Q71,E39000018,NHS ENGLAND LONDON,Y56,E40000003,LONDON COMMISSIONING REGION,37,264281
07T,E38000035,NHS CITY AND HACKNEY CCG,Q71a,LONDON NORTH EAST AND CENTRAL,Q71,E39000018,NHS ENGLAND LONDON,Y56,E40000003,LONDON COMMISSIONING REGION,43,293224
07V,E38000040,NHS CROYDON CCG,Q71c,LONDON SOUTH,Q71,E39000018,NHS ENGLAND LONDON,Y56,E40000003,LONDON COMMISSIONING REGION,58,395100
07W,E38000048,NHS EALING CCG,Q71b,LONDON NORTH WEST,Q71,E39000018,NHS ENGLAND LONDON,Y56,E40000003,LONDON COMMISSIONING REGION,79,418170
07X,E38000057,NHS ENFIELD CCG,Q71a,LONDON NORTH EAST AND CENTRAL,Q71,E39000018,NHS ENGLAND LONDON,Y56,E40000003,LONDON COMMISSIONING REGION,49,320186
07Y,E38000084,NHS HOUNSLOW CCG,Q71b,LONDON NORTH WEST,Q71,E39000018,NHS ENGLAND LONDON,Y56,E40000003,LONDON COMMISSIONING REGION,54,300066
08A,E38000066,NHS GREENWICH CCG,Q71c,LONDON SOUTH,Q71,E39000018,NHS ENGLAND LONDON,Y56,E40000003,LONDON COMMISSIONING REGION,42,282218
08C,E38000070,NHS HAMMERSMITH AND FULHAM CCG,Q71b,LONDON NORTH WEST,Q71,E39000018,NHS ENGLAND LONDON,Y56,E40000003,LONDON COMMISSIONING REGION,31,205664
08D,E38000072,NHS HARINGEY CCG,Q71a,LONDON NORTH EAST AND CENTRAL,Q71,E39000018,NHS ENGLAND LONDON,Y56,E40000003,LONDON COMMISSIONING REGION,45,288081
08E,E38000074,NHS HARROW CCG,Q71b,LONDON NORTH WEST,Q71,E39000018,NHS ENGLAND LONDON,Y56,E40000003,LONDON COMMISSIONING REGION,34,251666
08F,E38000077,NHS HAVERING CCG,Q71a,LONDON NORTH EAST AND CENTRAL,Q71,E39000018,NHS ENGLAND LONDON,Y56,E40000003,LONDON COMMISSIONING REGION,48,261141
08G,E38000082,NHS HILLINGDON CCG,Q71b,LONDON NORTH WEST,Q71,E39000018,NHS ENGLAND LONDON,Y56,E40000003,LONDON COMMISSIONING REGION,48,299831
08H,E38000088,NHS ISLINGTON CCG,Q71a,LONDON NORTH EAST AND CENTRAL,Q71,E39000018,NHS ENGLAND LONDON,Y56,E40000003,LONDON COMMISSIONING REGION,36,233797
08J,E38000090,NHS KINGSTON CCG,Q71c,LONDON SOUTH,Q71,E39000018,NHS ENGLAND LONDON,Y56,E40000003,LONDON COMMISSIONING REGION,26,199122
08K,E38000092,NHS LAMBETH CCG,Q71c,LONDON SOUTH,Q71,E39000018,NHS ENGLAND LONDON,Y56,E40000003,LONDON COMMISSIONING REGION,48,378410
08L,E38000098,NHS LEWISHAM CCG,Q71c,LONDON SOUTH,Q71,E39000018,NHS ENGLAND LONDON,Y56,E40000003,LONDON COMMISSIONING REGION,41,310058
08M,E38000113,NHS NEWHAM CCG,Q71a,LONDON NORTH EAST AND CENTRAL,Q71,E39000018,NHS ENGLAND LONDON,Y56,E40000003,LONDON COMMISSIONING REGION,60,371622
08N,E38000138,NHS REDBRIDGE CCG,Q71a,LONDON NORTH EAST AND CENTRAL,Q71,E39000018,NHS ENGLAND LONDON,Y56,E40000003,LONDON COMMISSIONING REGION,46,298187
08P,E38000140,NHS RICHMOND CCG,Q71c,LONDON SOUTH,Q71,E39000018,NHS ENGLAND LONDON,Y56,E40000003,LONDON COMMISSIONING REGION,29,207480
08Q,E38000171,NHS SOUTHWARK CCG,Q71c,LONDON SOUTH,Q71,E39000018,NHS ENGLAND LONDON,Y56,E40000003,LONDON COMMISSIONING REGION,44,309110
08R,E38000105,NHS MERTON CCG,Q71c,LONDON SOUTH,Q71,E39000018,NHS ENGLAND LONDON,Y56,E40000003,LONDON COMMISSIONING REGION,25,217827
08T,E38000179,NHS SUTTON CCG,Q71c,LONDON SOUTH,Q71,E39000018,NHS ENGLAND LONDON,Y56,E40000003,LONDON COMMISSIONING REGION,27,188556
08V,E38000186,NHS TOWER HAMLETS CCG,Q71a,LONDON NORTH EAST AND CENTRAL,Q71,E39000018,NHS ENGLAND LONDON,Y56,E40000003,LONDON COMMISSIONING REGION,36,294485
08W,E38000192,NHS WALTHAM FOREST CCG,Q71a,LONDON NORTH EAST AND CENTRAL,Q71,E39000018,NHS ENGLAND LONDON,Y56,E40000003,LONDON COMMISSIONING REGION,45,298336
08X,E38000193,NHS WANDSWORTH CCG,Q71c,LONDON SOUTH,Q71,E39000018,NHS ENGLAND LONDON,Y56,E40000003,LONDON COMMISSIONING REGION,43,375742
08Y,E38000202,NHS WEST LONDON CCG,Q71b,LONDON NORTH WEST,Q71,E39000018,NHS ENGLAND LONDON,Y56,E40000003,LONDON COMMISSIONING REGION,52,239062
09A,E38000031,NHS CENTRAL LONDON (WESTMINSTER) CCG,Q71b,LONDON NORTH WEST,Q71,E39000018,NHS ENGLAND LONDON,Y56,E40000003,LONDON COMMISSIONING REGION,34,206945
09C,E38000002,NHS ASHFORD CCG,Q67,KENT AND MEDWAY AREA TEAM,Q81,E39000035,NHS ENGLAND SOUTH (SOUTH EAST),Y57,E40000004,SOUTH OF ENGLAND COMMISSIONING REGION,14,126411
09D,E38000021,NHS BRIGHTON AND HOVE CCG,Q68,SURREY AND SUSSEX AREA TEAM,Q81,E39000035,NHS ENGLAND SOUTH (SOUTH EAST),Y57,E40000004,SOUTH OF ENGLAND COMMISSIONING REGION,45,305398
09E,E38000029,NHS CANTERBURY AND COASTAL CCG,Q67,KENT AND MEDWAY AREA TEAM,Q81,E39000035,NHS ENGLAND SOUTH (SOUTH EAST),Y57,E40000004,SOUTH OF ENGLAND COMMISSIONING REGION,21,215303
09F,E38000055,"NHS EASTBOURNE, HAILSHAM AND SEAFORD CCG",Q68,SURREY AND SUSSEX AREA TEAM,Q81,E39000035,NHS ENGLAND SOUTH (SOUTH EAST),Y57,E40000004,SOUTH OF ENGLAND COMMISSIONING REGION,21,190780
09G,E38000213,NHS COASTAL WEST SUSSEX CCG,Q68,SURREY AND SUSSEX AREA TEAM,Q81,E39000035,NHS ENGLAND SOUTH (SOUTH EAST),Y57,E40000004,SOUTH OF ENGLAND COMMISSIONING REGION,54,499695
09H,E38000039,NHS CRAWLEY CCG,Q68,SURREY AND SUSSEX AREA TEAM,Q81,E39000035,NHS ENGLAND SOUTH (SOUTH EAST),Y57,E40000004,SOUTH OF ENGLAND COMMISSIONING REGION,13,129461
09J,E38000043,"NHS DARTFORD, GRAVESHAM AND SWANLEY CCG",Q67,KENT AND MEDWAY AREA TEAM,Q81,E39000035,NHS ENGLAND SOUTH (SOUTH EAST),Y57,E40000004,SOUTH OF ENGLAND COMMISSIONING REGION,34,257242
09L,E38000054,NHS EAST SURREY CCG,Q68,SURREY AND SUSSEX AREA TEAM,Q81,E39000035,NHS ENGLAND SOUTH (SOUTH EAST),Y57,E40000004,SOUTH OF ENGLAND COMMISSIONING REGION,18,177776
09N,E38000214,NHS GUILDFORD AND WAVERLEY CCG,Q68,SURREY AND SUSSEX AREA TEAM,Q81,E39000035,NHS ENGLAND SOUTH (SOUTH EAST),Y57,E40000004,SOUTH OF ENGLAND COMMISSIONING REGION,21,221936
09P,E38000076,NHS HASTINGS AND ROTHER CCG,Q68,SURREY AND SUSSEX AREA TEAM,Q81,E39000035,NHS ENGLAND SOUTH (SOUTH EAST),Y57,E40000004,SOUTH OF ENGLAND COMMISSIONING REGION,32,185204
09W,E38000104,NHS MEDWAY CCG,Q67,KENT AND MEDWAY AREA TEAM,Q81,E39000035,NHS ENGLAND SOUTH (SOUTH EAST),Y57,E40000004,SOUTH OF ENGLAND COMMISSIONING REGION,56,291501
09X,E38000083,NHS HORSHAM AND MID SUSSEX CCG,Q68,SURREY AND SUSSEX AREA TEAM,Q81,E39000035,NHS ENGLAND SOUTH (SOUTH EAST),Y57,E40000004,SOUTH OF ENGLAND COMMISSIONING REGION,23,231404
09Y,E38000128,NHS NORTH WEST SURREY CCG,Q68,SURREY AND SUSSEX AREA TEAM,Q81,E39000035,NHS ENGLAND SOUTH (SOUTH EAST),Y57,E40000004,SOUTH OF ENGLAND COMMISSIONING REGION,42,361289
10A,E38000156,NHS SOUTH KENT COAST CCG,Q67,KENT AND MEDWAY AREA TEAM,Q81,E39000035,NHS ENGLAND SOUTH (SOUTH EAST),Y57,E40000004,SOUTH OF ENGLAND COMMISSIONING REGION,30,198899
10C,E38000178,NHS SURREY HEATH CCG,Q68,SURREY AND SUSSEX AREA TEAM,Q81,E39000035,NHS ENGLAND SOUTH (SOUTH EAST),Y57,E40000004,SOUTH OF ENGLAND COMMISSIONING REGION,9,93850
10D,E38000180,NHS SWALE CCG,Q67,KENT AND MEDWAY AREA TEAM,Q81,E39000035,NHS ENGLAND SOUTH (SOUTH EAST),Y57,E40000004,SOUTH OF ENGLAND COMMISSIONING REGION,20,108243
10E,E38000184,NHS THANET CCG,Q67,KENT AND MEDWAY AREA TEAM,Q81,E39000035,NHS ENGLAND SOUTH (SOUTH EAST),Y57,E40000004,SOUTH OF ENGLAND COMMISSIONING REGION,20,143193
10G,E38000017,NHS BRACKNELL AND ASCOT CCG,Q69,THAMES VALLEY AREA TEAM,Q82,E39000034,NHS ENGLAND SOUTH (SOUTH CENTRAL),Y57,E40000004,SOUTH OF ENGLAND COMMISSIONING REGION,15,139327
10H,E38000033,NHS CHILTERN CCG,Q69,THAMES VALLEY AREA TEAM,Q82,E39000034,NHS ENGLAND SOUTH (SOUTH CENTRAL),Y57,E40000004,SOUTH OF ENGLAND COMMISSIONING REGION,34,332229
10J,E38000120,NHS NORTH HAMPSHIRE CCG,Q70,WESSEX AREA TEAM,Q70,E39000025,NHS ENGLAND SOUTH (WESSEX),Y57,E40000004,SOUTH OF ENGLAND COMMISSIONING REGION,20,219576
10K,E38000059,NHS FAREHAM AND GOSPORT CCG,Q70,WESSEX AREA TEAM,Q70,E39000025,NHS ENGLAND SOUTH (WESSEX),Y57,E40000004,SOUTH OF ENGLAND COMMISSIONING REGION,21,201595
10L,E38000087,NHS ISLE OF WIGHT CCG,Q70,WESSEX AREA TEAM,Q70,E39000025,NHS ENGLAND SOUTH (WESSEX),Y57,E40000004,SOUTH OF ENGLAND COMMISSIONING REGION,17,141890
10M,E38000110,NHS NEWBURY AND DISTRICT CCG,Q69,THAMES VALLEY AREA TEAM,Q82,E39000034,NHS ENGLAND SOUTH (SOUTH CENTRAL),Y57,E40000004,SOUTH OF ENGLAND COMMISSIONING REGION,11,116546
10N,E38000114,NHS NORTH & WEST READING CCG,Q69,THAMES VALLEY AREA TEAM,Q82,E39000034,NHS ENGLAND SOUTH (SOUTH CENTRAL),Y57,E40000004,SOUTH OF ENGLAND COMMISSIONING REGION,10,108756
10Q,E38000136,NHS OXFORDSHIRE CCG,Q69,THAMES VALLEY AREA TEAM,Q82,E39000034,NHS ENGLAND SOUTH (SOUTH CENTRAL),Y57,E40000004,SOUTH OF ENGLAND COMMISSIONING REGION,79,711075
10R,E38000137,NHS PORTSMOUTH CCG,Q70,WESSEX AREA TEAM,Q70,E39000025,NHS ENGLAND SOUTH (WESSEX),Y57,E40000004,SOUTH OF ENGLAND COMMISSIONING REGION,24,218666
10T,E38000148,NHS SLOUGH CCG,Q69,THAMES VALLEY AREA TEAM,Q82,E39000034,NHS ENGLAND SOUTH (SOUTH CENTRAL),Y57,E40000004,SOUTH OF ENGLAND COMMISSIONING REGION,16,150532
10V,E38000154,NHS SOUTH EASTERN HAMPSHIRE CCG,Q70,WESSEX AREA TEAM,Q70,E39000025,NHS ENGLAND SOUTH (WESSEX),Y57,E40000004,SOUTH OF ENGLAND COMMISSIONING REGION,25,210793
10W,E38000160,NHS SOUTH READING CCG,Q69,THAMES VALLEY AREA TEAM,Q82,E39000034,NHS ENGLAND SOUTH (SOUTH CENTRAL),Y57,E40000004,SOUTH OF ENGLAND COMMISSIONING REGION,20,137344
10X,E38000167,NHS SOUTHAMPTON CCG,Q70,WESSEX AREA TEAM,Q70,E39000025,NHS ENGLAND SOUTH (WESSEX),Y57,E40000004,SOUTH OF ENGLAND COMMISSIONING REGION,34,270350
10Y,E38000003,NHS AYLESBURY VALE CCG,Q69,THAMES VALLEY AREA TEAM,Q82,E39000034,NHS ENGLAND SOUTH (SOUTH CENTRAL),Y57,E40000004,SOUTH OF ENGLAND COMMISSIONING REGION,19,205153
11A,E38000198,NHS WEST HAMPSHIRE CCG,Q70,WESSEX AREA TEAM,Q70,E39000025,NHS ENGLAND SOUTH (WESSEX),Y57,E40000004,SOUTH OF ENGLAND COMMISSIONING REGION,51,547656
11C,E38000207,"NHS WINDSOR, ASCOT AND MAIDENHEAD CCG",Q69,THAMES VALLEY AREA TEAM,Q82,E39000034,NHS ENGLAND SOUTH (SOUTH CENTRAL),Y57,E40000004,SOUTH OF ENGLAND COMMISSIONING REGION,19,155430
11D,E38000209,NHS WOKINGHAM CCG,Q69,THAMES VALLEY AREA TEAM,Q82,E39000034,NHS ENGLAND SOUTH (SOUTH CENTRAL),Y57,E40000004,SOUTH OF ENGLAND COMMISSIONING REGION,13,158339
11E,E38000009,NHS BATH AND NORTH EAST SOMERSET CCG,Q64,"BATH, GLOUCESTERSHIRE, SWINDON AND WILTSHIRE AREA TEAM",Q82,E39000034,NHS ENGLAND SOUTH (SOUTH CENTRAL),Y57,E40000004,SOUTH OF ENGLAND COMMISSIONING REGION,27,202041
11H,E38000022,NHS BRISTOL CCG,Q65,"BRISTOL, NORTH SOMERSET, SOMERSET AND SOUTH GLOUCESTERSHIRE AREA TEAM",Q80,E39000036,NHS ENGLAND SOUTH (SOUTH WEST),Y57,E40000004,SOUTH OF ENGLAND COMMISSIONING REGION,54,491800
11J,E38000045,NHS DORSET CCG,Q70,WESSEX AREA TEAM,Q70,E39000025,NHS ENGLAND SOUTH (WESSEX),Y57,E40000004,SOUTH OF ENGLAND COMMISSIONING REGION,100,783543
11M,E38000062,NHS GLOUCESTERSHIRE CCG,Q64,"BATH, GLOUCESTERSHIRE, SWINDON AND WILTSHIRE AREA TEAM",Q82,E39000034,NHS ENGLAND SOUTH (SOUTH CENTRAL),Y57,E40000004,SOUTH OF ENGLAND COMMISSIONING REGION,83,632423
11N,E38000089,NHS KERNOW CCG,Q66,"DEVON, CORNWALL AND ISLES OF SCILLY AREA TEAM",Q80,E39000036,NHS ENGLAND SOUTH (SOUTH WEST),Y57,E40000004,SOUTH OF ENGLAND COMMISSIONING REGION,69,553146
11T,E38000125,NHS NORTH SOMERSET CCG,Q65,"BRISTOL, NORTH SOMERSET, SOMERSET AND SOUTH GLOUCESTERSHIRE AREA TEAM",Q80,E39000036,NHS ENGLAND SOUTH (SOUTH WEST),Y57,E40000004,SOUTH OF ENGLAND COMMISSIONING REGION,25,214828
11X,E38000150,NHS SOMERSET CCG,Q65,"BRISTOL, NORTH SOMERSET, SOMERSET AND SOUTH GLOUCESTERSHIRE AREA TEAM",Q80,E39000036,NHS ENGLAND SOUTH (SOUTH WEST),Y57,E40000004,SOUTH OF ENGLAND COMMISSIONING REGION,75,556723
12A,E38000155,NHS SOUTH GLOUCESTERSHIRE CCG,Q65,"BRISTOL, NORTH SOMERSET, SOMERSET AND SOUTH GLOUCESTERSHIRE AREA TEAM",Q80,E39000036,NHS ENGLAND SOUTH (SOUTH WEST),Y57,E40000004,SOUTH OF ENGLAND COMMISSIONING REGION,25,263235
12D,E38000181,NHS SWINDON CCG,Q64,"BATH, GLOUCESTERSHIRE, SWINDON AND WILTSHIRE AREA TEAM",Q82,E39000034,NHS ENGLAND SOUTH (SOUTH CENTRAL),Y57,E40000004,SOUTH OF ENGLAND COMMISSIONING REGION,26,229351
12F,E38000208,NHS WIRRAL CCG,Q44,"CHESHIRE, WARRINGTON AND WIRRAL AREA TEAM",Q75,E39000026,NHS ENGLAND NORTH (CHESHIRE AND MERSEYSIDE),Y54,E40000001,NORTH OF ENGLAND COMMISSIONING REGION,56,333087
13P,E38000012,NHS BIRMINGHAM CROSSCITY CCG,Q54,BIRMINGHAM AND THE BLACK COUNTRY AREA TEAM,Q77,E39000033,NHS ENGLAND MIDLANDS AND EAST (WEST MIDLANDS),Y55,E40000002,MIDLANDS AND EAST OF ENGLAND COMMISSIONING REGION,113,748691
13T,E38000212,NHS NEWCASTLE GATESHEAD CCG,Q49,"CUMBRIA, NORTHUMBERLAND, TYNE AND WEAR AREA TEAM",Q74,E39000027,NHS ENGLAND NORTH (CUMBRIA AND NORTH EAST),Y54,E40000001,NORTH OF ENGLAND COMMISSIONING REGION,65,504757
99A,E38000101,NHS LIVERPOOL CCG,Q48,MERSEYSIDE AREA TEAM,Q75,E39000026,NHS ENGLAND NORTH (CHESHIRE AND MERSEYSIDE),Y54,E40000001,NORTH OF ENGLAND COMMISSIONING REGION,93,504414
99C,E38000127,NHS NORTH TYNESIDE CCG,Q49,"CUMBRIA, NORTHUMBERLAND, TYNE AND WEAR AREA TEAM",Q74,E39000027,NHS ENGLAND NORTH (CUMBRIA AND NORTH EAST),Y54,E40000001,NORTH OF ENGLAND COMMISSIONING REGION,29,216229
99D,E38000157,NHS SOUTH LINCOLNSHIRE CCG,Q59,LEICESTERSHIRE AND LINCOLNSHIRE AREA TEAM,Q78,E39000030,NHS ENGLAND MIDLANDS AND EAST (CENTRAL MIDLANDS),Y55,E40000002,MIDLANDS AND EAST OF ENGLAND COMMISSIONING REGION,15,161760
99E,E38000007,NHS BASILDON AND BRENTWOOD CCG,Q57,ESSEX AREA TEAM,Q79,E39000031,NHS ENGLAND MIDLANDS AND EAST (EAST),Y55,E40000002,MIDLANDS AND EAST OF ENGLAND COMMISSIONING REGION,44,270598
99F,E38000030,NHS CASTLE POINT AND ROCHFORD CCG,Q57,ESSEX AREA TEAM,Q79,E39000031,NHS ENGLAND MIDLANDS AND EAST (EAST),Y55,E40000002,MIDLANDS AND EAST OF ENGLAND COMMISSIONING REGION,27,182037
99G,E38000168,NHS SOUTHEND CCG,Q57,ESSEX AREA TEAM,Q79,E39000031,NHS ENGLAND MIDLANDS AND EAST (EAST),Y55,E40000002,MIDLANDS AND EAST OF ENGLAND COMMISSIONING REGION,35,184896
99H,E38000177,NHS SURREY DOWNS CCG,Q68,SURREY AND SUSSEX AREA TEAM,Q81,E39000035,NHS ENGLAND SOUTH (SOUTH EAST),Y57,E40000004,SOUTH OF ENGLAND COMMISSIONING REGION,33,300737
99J,E38000199,NHS WEST KENT CCG,Q67,KENT AND MEDWAY AREA TEAM,Q81,E39000035,NHS ENGLAND SOUTH (SOUTH EAST),Y57,E40000004,SOUTH OF ENGLAND COMMISSIONING REGION,61,475717
99K,E38000081,NHS HIGH WEALD LEWES HAVENS CCG,Q68,SURREY AND SUSSEX AREA TEAM,Q81,E39000035,NHS ENGLAND SOUTH (SOUTH EAST),Y57,E40000004,SOUTH OF ENGLAND COMMISSIONING REGION,21,167974
99M,E38000118,NHS NORTH EAST HAMPSHIRE AND FARNHAM CCG,Q70,WESSEX AREA TEAM,Q70,E39000025,NHS ENGLAND SOUTH (WESSEX),Y57,E40000004,SOUTH OF ENGLAND COMMISSIONING REGION,24,221869
99N,E38000206,NHS WILTSHIRE CCG,Q64,"BATH, GLOUCESTERSHIRE, SWINDON AND WILTSHIRE AREA TEAM",Q82,E39000034,NHS ENGLAND SOUTH (SOUTH CENTRAL),Y57,E40000004,SOUTH OF ENGLAND COMMISSIONING REGION,56,483086
99P,E38000129,"NHS NORTHERN, EASTERN AND WESTERN DEVON CCG",Q66,"DEVON, CORNWALL AND ISLES OF SCILLY AREA TEAM",Q80,E39000036,NHS ENGLAND SOUTH (SOUTH WEST),Y57,E40000004,SOUTH OF ENGLAND COMMISSIONING REGION,123,892432
99Q,E38000152,NHS SOUTH DEVON AND TORBAY CCG,Q66,"DEVON, CORNWALL AND ISLES OF SCILLY AREA TEAM",Q80,E39000036,NHS ENGLAND SOUTH (SOUTH WEST),Y57,E40000004,SOUTH OF ENGLAND COMMISSIONING REGION,34,275872
