INDICATOR_GROUP_CODE,INDICATOR_GROUP_DESCRIPTION,TOTAL_INDICATOR_GROUP_POINTS,DOMAIN_CODE,SUB_DOMAIN_CODE,VERSION,DISPLAY_ORDER
AF,Atrial fibrillation,17,Clinical,,0.1,1
CHD,Secondary prevention of coronary heart disease,45,Clinical,,0.1,2
HF,Heart failure,29,Clinical,,0.1,3
HYP,Hypertension,26,Clinical,,0.1,4
PAD,Peripheral arterial disease,6,Clinical,,0.1,5
STIA,Stroke and transient ischaemic attack,15,Clinical,,0.1,6
DM,Diabetes mellitus,86,Clinical,,0.1,7
AST,Asthma,45,Clinical,,0.1,8
COPD,Chronic obstructive pulmonary disease,35,Clinical,,0.1,9
DEM,Dementia,26,Clinical,,0.1,10
DEP,Depression,10,Clinical,,0.1,11
MH,Mental health,26,Clinical,,0.1,12
CAN,Cancer,11,Clinical,,0.1,13
CKD,Chronic kidney disease,32,Clinical,,0.1,14
EP,Epilepsy,1,Clinical,,0.1,15
LD,Learning Disability,4,Clinical,,0.1,16
OST,Osteoporosis: secondary prevention of fragility fractures,9,Clinical,,0.1,17
RA,Rheumatoid arthritis,6,Clinical,,0.1,18
PC,Palliative care,6,Clinical,,0.1,19
CVDPP,Cardiovascular disease � primary prevention,10,PH,PHALL,0.1,1
BP,Blood pressure,15,PH,PHALL,0.1,2
OB,Obestity,8,PH,PHALL,0.1,3
SMOK,Smoking,64,PH,PHALL,0.1,4
CS,Cervical screening,20,PH,PHAS,0.1,1
CON,Contraception,7,PH,PHAS,0.1,2
