INDICATOR_CODE,INDICATOR_DESCRIPTION,INDICATOR_VERSION,INDICATOR_GROUP,MIN_THRESHOLD,MAX_THRESHOLD,INDICATOR_TYPE,INDICATOR_POINT_VALUE,PIVOT_THRESHOLD
AF001,The contractor establishes and maintains a register of patients with atrial fibrillation,0.1,AF,,,B,5,
AF004,"In those patients with atrial fibrillation whose latest record of a CHADS2 score is greater than 1, the percentage of patients who are currently treated with anti-coagulation therapy",0.1,AF,40,70,A,6,
AF005,"In those patients with atrial fibrillation in whom there is a record of a CHADS2 score of 1, the percentage of patients who are currently treated with anti-coagulation drug therapy or anti-platelet therapy",0.1,AF,57,97,A,6,
AST001,"The contractor establishes and maintains a register of patients with asthma, excluding patients with asthma who have been prescribed no asthma-related drugs in the preceding 12 months",0.1,AST,,,B,4,
AST002,"The percentage of patients aged 8 or over with asthma(diagnosed on or after 1 April 2006), on the register, with measures of variability or reversibility recorded between 3 months before or anytime after diagnosis",0.1,AST,45,80,A,15,
AST003,"The percentage of patients with asthma, on the register, who have had an asthma review in the preceding 12 months that includes an assessment of asthma control using the 3 RCP questions",0.1,AST,45,70,A,20,
AST004,"The percentage of patients with asthma aged 14 or over and who have not attained the age of 20, on the register, in whom there is a record of smoking status in the preceding 12 months",0.1,AST,45,80,A,6,
BP002,The percentage of patients aged 45 or over who have a record of blood pressure in the preceding 5 years,0.1,BP,50,90,I,15,
CAN001,The contractor establishes and maintains a register of all cancer patients defined as a �register of patients with a diagnosis of cancer excluding non-melanotic skin cancers diagnosed on or after 1 April 2003�,0.1,CAN,,,B,5,
CAN003,"The percentage of patients with cancer, diagnosed within the preceding 15 months, who have a patient review recorded as occurring within 6 months of the date of diagnosis",0.1,CAN,50,90,A,6,
CHD001,The contractor establishes and maintains a register of patients with coronary heart disease,0.1,CHD,,,B,4,
CHD002,The percentage of patients with coronary heart disease in whom the last blood pressure reading (measured in the preceding 12 months) is 150/90 mmHg or less,0.1,CHD,53,93,A,17,
CHD005,"The percentage of patients with coronary heart disease with a record in the preceding 12 months that aspirin, an alternative anti-platelet therapy, or an anti-coagulant is being taken",0.1,CHD,56,96,A,7,
CHD006,"The percentage of patients with a history of myocardial infarction (on or after 1 April 2011) currently treated with an ACE-I (or ARB if ACE-I intolerant), aspirin or an alternative anti-platelet therapy, beta-blocker and statin",0.1,CHD,60,100,A,10,
CHD007,The percentage of patients with coronary heart disease who have had influenza immunisation in the preceding 1 August to 31 March,0.1,CHD,56,96,A,7,
CKD001,The contractor establishes and maintains a register of patients aged 18 or over with CKD (US National Kidney Foundation: Stage 3 to 5 CKD),0.1,CKD,,,B,6,
CKD002,The percentage of patients on the CKD register in whom the last blood pressure reading (measured in the preceding 12 months) is 140/85 mmHg or less,0.1,CKD,41,81,A,11,
CKD003,The percentage of patients on the CKD register with hypertension and proteinuria who are currently treated with an ACE-I or ARB,0.1,CKD,45,80,A,9,
CKD004,The percentage of patients on the CKD register whose notes have a record of a urine albumin:creatinine ratio (or protein:creatinine ratio) test in the preceding 12 months,0.1,CKD,45,80,A,6,
CON001,"The contractor establishes and maintains a register of women aged 54 or under who have been prescribed any method of contraception at least once in the last year, or other clinically appropriate interval e.g. last 5 years for an IUS",0.1,CON,,,R,4,
CON003,"The percentage of women, on the register,  prescribed emergency hormonal contraception one or more times in the preceding 12 months by the contractor who have received information from the contractor about long acting reversible methods of contraception at the time of or within 1 month of the prescription",0.1,CON,50,90,Q,3,
COPD001,The contractor establishes and maintains a register of patients with COPD,0.1,COPD,,,B,3,
COPD002,The percentage of patients with COPD (diagnosed on or after 1 April 2011) in whom the diagnosis has been confirmed by post bronchodilator spirometry between 3 months before and 12 months after entering on to the register,0.1,COPD,45,80,A,5,
COPD003,"The percentage of patients with COPD who have had a review, undertaken by a healthcare professional, including an assessment of breathlessness using the Medical Research Council dyspnoea scale in the preceding 12 months",0.1,COPD,50,90,A,9,
COPD004,The percentage of patients with COPD with a record of FEV1 in the preceding 12 months,0.1,COPD,40,75,A,7,
COPD005,"The percentage of patients with COPD and Medical Research Council dyspnoea grade =3 at any time in the preceding 12 months, with a record of oxygen saturation value within the preceding 12 months",0.1,COPD,40,90,A,5,
COPD006,The percentage of patients with COPD who have had influenza immunisation in the preceding 1 September to 31 March,0.1,COPD,57,97,A,6,
COPD007,The percentage of patients with COPD who have had influenza immunisation in the preceding 1 August to 31 March,0.1,COPD,57,97,A,6,
CS001,"The contractor has a protocol that is in line with national guidance agreed with the NHSCB for the management of cervical screening, which includes staff training, management of patient call/recall, exception reporting and the regular monitoring of inadequate sample rates",0.1,CS,,,P,7,
CS002,The percentage of women aged 25 or over and who have not attained the age of 65 whose notes record that a cervical screening test has been performed in the preceding 5 years,0.1,CS,45,80,Q,11,
CS004,The contractor has a policy for auditing its cervical screening service and performs an audit of inadequate screening tests in relation to individual sample-takers at least every 2 years,0.1,CS,,,P,2,
CVDPP001,"In those patients with a new diagnosis of hypertension aged 30 or over and who have not attained the age of 75, recorded between the preceding 1 April to 31 March (excluding those with pre-existing CHD, diabetes, stroke and/or TIA), who have a recorded CVD risk assessment score (using an assessment tool agreed with the NHS CB) of =20% in the preceding 12 months: the percentage who are currently treated with statins",0.1,CVDPP,40,90,A,10,
DEM001,The contractor establishes and maintains a register of patients diagnosed with dementia,0.1,DEM,,,B,5,
DEM002,The percentage of patients diagnosed with dementia whose care has been reviewed in a face-to-face review in the preceding 12 months,0.1,DEM,35,70,A,15,
DEM003,"The percentage of patients with a new diagnosis of dementia recorded in the preceding 1 April to 31 March with a record of FBC, calcium, glucose, renal and liver function, thyroid function tests, serum vitamin B12 and folate levels recorded between 6 months before or after entering on to the register",0.1,DEM,45,80,A,6,
DEP003,"The percentage of patients aged 18 or over with a new diagnosis of depression in the preceding 1 April to 31 March, who have been reviewed not earlier than 10 days after and not later than 56 days after the date of diagnosis",0.1,DEP,45,80,A,10,
DM002,"The percentage of patients with diabetes, on the register, in whom the last blood pressure reading (measured in the preceding 12 months) is 150/90 mmHg or less",0.1,DM,53,93,A,8,
DM003,"The percentage of patients with diabetes, on the register, in whom the last blood pressure reading (measured in the preceding 12 months) is 140/80 mmHg or less",0.1,DM,38,78,A,10,
DM004,"The percentage of patients with diabetes, on the register, whose last measured total cholesterol (measured within the preceding 12 months) is 5 mmol/l or less",0.1,DM,40,75,A,6,
DM006,"The percentage of patients with diabetes, on the register, with a diagnosis of nephropathy (clinical proteinuria) or micro-albuminuria who are currently treated with an ACE-I (or ARBs)",0.1,DM,57,97,A,3,
DM007,"The percentage of patients with diabetes, on the register, in whom the last IFCC-HbA1c is 59 mmol/mol or less in the preceding 12 months",0.1,DM,35,75,A,17,
DM008,"The percentage of patients with diabetes, on the register, in whom the last IFCC-HbA1c is 64 mmol/mol or less in the preceding 12 months",0.1,DM,43,83,A,8,
DM009,"The percentage of patients with diabetes, on the register, in whom the last IFCC-HbA1c is 75 mmol/mol  or less in the preceding 12 months",0.1,DM,52,92,A,10,
DM012,"The percentage of patients with diabetes, on the register, with a record of a foot examination and risk classification: 1) low risk (normal sensation, palpable pulses), 2) increased risk (neuropathy or absent pulses), 3) high risk (neuropathy or absent pulses plus deformity or skin changes in previous ulcer) or 4) ulcerated foot within the preceding 12 months",0.1,DM,50,90,A,4,
DM014,"The percentage of patients newly diagnosed with diabetes, on the register, in the  preceding 1 April to 31 March who have a record of being referred to a structured education programme within 9 months after entry on to the diabetes register",0.1,DM,40,90,A,11,
DM017,"The contractor establishes and maintains a register of all patients aged 17 or over with diabetes mellitus, which specifies the type of diabetes where a diagnosis has been confirmed",0.1,DM,,,B,6,
DM018,"The percentage of patients with diabetes, on the register, who have had influenza immunisation in the preceding 1 August to 31 March",0.1,DM,55,95,A,3,
EP001,The contractor establishes and maintains a register of patients aged 18 or over receiving drug treatment for epilepsy,0.1,EP,,,B,1,
HF001,The contractor establishes and maintains a register of patients with heart failure,0.1,HF,,,B,4,
HF002,The percentage of patients with a diagnosis of heart failure (diagnosed on or after 1 April 2006) which has been confirmed by an echocardiogram or by specialist assessment 3 months before or 12 months after entering on to the register,0.1,HF,50,90,A,6,
HF003,"In those patients with a current diagnosis of heart failure due to left ventricular systolic dysfunction, the percentage of patients who are currently treated with an ACE-I or ARB",0.1,HF,60,100,A,10,
HF004,"In those patients with a current diagnosis of heart failure due to left ventricular systolic dysfunction who are currently treated with an ACE-I or ARB, the percentage of patients who are additionally currently treated with a beta-blocker licensed for heart failure",0.1,HF,40,65,A,9,
HYP001,The contractor establishes and maintains a register of patients with established hypertension,0.1,HYP,,,B,6,
HYP006,The percentage of patients with hypertension in whom the last blood pressure reading (measured in the preceding 12 months) is 150/90 mmHg or less,0.1,HYP,45,80,A,20,
LD003,The contractor establishes and maintains a register of patients with learning disabilities,0.1,LD,,,B,4,
MH001,"The contractor establishes and maintains a register of patients with schizophrenia, bipolar affective disorder and other psychoses and other patients on lithium therapy.",0.1,MH,,,B,4,
MH002,"The percentage of patients with schizophrenia, bipolar affective disorder and other psychoses who have a comprehensive care plan documented in the record, in the preceding 12 months, agreed between individuals, their family and/or carers as appropriate",0.1,MH,40,90,A,6,
MH003,"The percentage of patients with schizophrenia, bipolar affective disorder and other psychoses who have a record of blood pressure in the preceding 12 months",0.1,MH,50,90,A,4,
MH007,"The percentage of patients with schizophrenia, bipolar affective disorder and other psychoses who have a record of alcohol consumption in the preceding 12 months",0.1,MH,50,90,A,4,
MH008,"The percentage of women aged 25 or over and who have not attained the age of 65 with schizophrenia, bipolar affective disorder and other psychoses whose notes record that a cervical screening test has been performed in the preceding 5 years",0.1,MH,45,80,A,5,
MH009,The percentage of patients on lithium therapy with a record of serum creatinine and TSH in the preceding 9 months,0.1,MH,50,90,A,1,
MH010,The percentage of patients on lithium therapy with a record of lithium levels in the therapeutic range in the preceding 4 months,0.1,MH,50,90,A,2,
OB001,The contractor establishes and maintains a register of patients aged 16 or over with a BMI ?30 in the preceding 12 months,0.1,OB,,,B,8,
OST002,"The percentage of patients aged 50 or over and who have not attained  the age of 75, with a fragility fracture on or after 1 April 2012, in whom osteoporosis is confirmed on DXA scan, who are currently treated with an appropriate bone-sparing agent",0.1,OST,30,60,A,3,
OST004,"The contractor establishes and maintains a register of patients: 1. Aged 50 or over and who have not attained the age of 75 with a record of a fragility fracture on or after 1 April 2012 and a diagnosis of osteoporosis confirmed on DXA scan, and 2.  Aged 75 or over with a record of a fragility fracture on or after 1 April 2014 and a diagnosis of osteoporosis",0.1,OST,,,B,3,
OST005,"The percentage of patients aged 75 or over with a record of a fragility fracture on or after 1 April 2014 and a diagnosis of osteoporosis, who are currently treated with an appropriate bone-sparing agent",0.1,OST,30,60,A,3,
PAD001,The contractor establishes and maintains a register of patients with peripheral arterial disease,0.1,PAD,,,B,2,
PAD002,The percentage of patients with peripheral arterial disease in whom the last blood pressure reading (measured in the preceding 12 months) is 150/90 mmHg or less,0.1,PAD,40,90,A,2,
PAD004,The percentage of patients with peripheral arterial disease with a record in the preceding 12 months that aspirin or an alternative anti-platelet is being taken,0.1,PAD,40,90,A,2,
PC001,The contractor establishes and maintains a register  of all patients in need of palliative care/support irrespective of age,0.1,PC,,,A,3,
PC002,The contractor has regular (at least 3 monthly) multidisciplinary case review meetings where all patients on the palliative care register are discussed,0.1,PC,,,B,3,
RA001,The contractor establishes and maintains a register of patients aged 16 or over with rheumatoid arthritis,0.1,RA,,,B,1,
RA002,"The percentage of patients with rheumatoid arthritis, on the register, who have had a face-to-face annual review in the preceding 12 months",0.1,RA,40,90,A,5,
SMOK002,"The percentage of patients with any or any combination of the following conditions: CHD, PAD, stroke or TIA, hypertension, diabetes, COPD, CKD, asthma, schizophrenia, bipolar affective disorder or other psychoses whose notes record smoking status in the preceding 12 months",0.1,SMOK,50,90,A,25,
SMOK003,The contractor supports patients who smoke  in stopping smoking by a strategy which includes providing literature and offering appropriate therapy,0.1,SMOK,,,D,2,
SMOK004,The percentage of patients aged 15 or over who are recorded as current smokers who have a record of an offer of support and treatment within the preceding 24 months,0.1,SMOK,40,90,I,12,
SMOK005,"The percentage of patients with any or any combination of the following conditions: CHD, PAD, stroke or TIA, hypertension, diabetes, COPD, CKD, asthma, schizophrenia, bipolar affective disorder or other psychoses who are recorded as current smokers who have a record of an offer of support and treatment within the preceding 12 months",0.1,SMOK,56,96,A,25,
STIA001,The contractor establishes and maintains a register of patients with stroke or TIA,0.1,STIA,,,B,2,
STIA003,The percentage of patients with a history of stroke or TIA in whom the last blood pressure reading (measured in the preceding 12 months) is 150/90 mmHg or less,0.1,STIA,40,75,A,5,
STIA007,"The percentage of patients with a stroke shown to be non-haemorrhagic, or a history of TIA, who have a record in the preceding 12 months that an anti-platelet agent, or an anti-coagulant is being taken",0.1,STIA,57,97,A,4,
STIA008,The percentage of patients with a stroke or TIA (diagnosed on or after 1 April 2014) who have a record of a referral for further investigation between 3 months before or 1 month after the date of the latest recorded stroke or the first TIA,0.1,STIA,45,80,A,2,
STIA009,The percentage of patients with stroke or TIA who have had influenza immunisation in the preceding 1 August to 31 March,0.1,STIA,55,95,A,2,
