CCG_CODE,CCG_NAME,CCG_GEOGRAPHY_CODE,AREA_TEAM_CODE,AREA_TEAM_NAME,SUB_REGION_CODE,SUB_REGION_GEOGRAPHY_CODE,SUB_REGION_NAME,REGION_CODE,REGION_GEOGRAPHY_CODE,REGION_NAME,ENG_CODE,ENG_GEOGRAPHY_CODE,ENG_NAME
00C,NHS DARLINGTON CCG,E38000042,Q45,"DURHAM, DARLINGTON AND TEES AREA TEAM",Q74,E39000027,NHS ENGLAND NORTH (CUMBRIA AND NORTH EAST),Y54,E40000001,NORTH OF ENGLAND COMMISSIONING REGION,ENG,E92000001,ENGLAND
00D,"NHS DURHAM DALES, EASINGTON AND SEDGEFIELD CCG",E38000047,Q45,"DURHAM, DARLINGTON AND TEES AREA TEAM",Q74,E39000027,NHS ENGLAND NORTH (CUMBRIA AND NORTH EAST),Y54,E40000001,NORTH OF ENGLAND COMMISSIONING REGION,ENG,E92000001,ENGLAND
00J,NHS NORTH DURHAM CCG,E38000116,Q45,"DURHAM, DARLINGTON AND TEES AREA TEAM",Q74,E39000027,NHS ENGLAND NORTH (CUMBRIA AND NORTH EAST),Y54,E40000001,NORTH OF ENGLAND COMMISSIONING REGION,ENG,E92000001,ENGLAND
00K,NHS HARTLEPOOL AND STOCKTON-ON-TEES CCG,E38000075,Q45,"DURHAM, DARLINGTON AND TEES AREA TEAM",Q74,E39000027,NHS ENGLAND NORTH (CUMBRIA AND NORTH EAST),Y54,E40000001,NORTH OF ENGLAND COMMISSIONING REGION,ENG,E92000001,ENGLAND
00L,NHS NORTHUMBERLAND CCG,E38000130,Q49,"CUMBRIA, NORTHUMBERLAND, TYNE AND WEAR AREA TEAM",Q74,E39000027,NHS ENGLAND NORTH (CUMBRIA AND NORTH EAST),Y54,E40000001,NORTH OF ENGLAND COMMISSIONING REGION,ENG,E92000001,ENGLAND
00M,NHS SOUTH TEES CCG,E38000162,Q45,"DURHAM, DARLINGTON AND TEES AREA TEAM",Q74,E39000027,NHS ENGLAND NORTH (CUMBRIA AND NORTH EAST),Y54,E40000001,NORTH OF ENGLAND COMMISSIONING REGION,ENG,E92000001,ENGLAND
00N,NHS SOUTH TYNESIDE CCG,E38000163,Q49,"CUMBRIA, NORTHUMBERLAND, TYNE AND WEAR AREA TEAM",Q74,E39000027,NHS ENGLAND NORTH (CUMBRIA AND NORTH EAST),Y54,E40000001,NORTH OF ENGLAND COMMISSIONING REGION,ENG,E92000001,ENGLAND
00P,NHS SUNDERLAND CCG,E38000176,Q49,"CUMBRIA, NORTHUMBERLAND, TYNE AND WEAR AREA TEAM",Q74,E39000027,NHS ENGLAND NORTH (CUMBRIA AND NORTH EAST),Y54,E40000001,NORTH OF ENGLAND COMMISSIONING REGION,ENG,E92000001,ENGLAND
00Q,NHS BLACKBURN WITH DARWEN CCG,E38000014,Q47,LANCASHIRE AREA TEAM,Q73,E39000028,NHS ENGLAND NORTH (LANCASHIRE AND GREATER MANCHESTER),Y54,E40000001,NORTH OF ENGLAND COMMISSIONING REGION,ENG,E92000001,ENGLAND
00R,NHS BLACKPOOL CCG,E38000015,Q47,LANCASHIRE AREA TEAM,Q73,E39000028,NHS ENGLAND NORTH (LANCASHIRE AND GREATER MANCHESTER),Y54,E40000001,NORTH OF ENGLAND COMMISSIONING REGION,ENG,E92000001,ENGLAND
00T,NHS BOLTON CCG,E38000016,Q46,GREATER MANCHESTER AREA TEAM,Q73,E39000028,NHS ENGLAND NORTH (LANCASHIRE AND GREATER MANCHESTER),Y54,E40000001,NORTH OF ENGLAND COMMISSIONING REGION,ENG,E92000001,ENGLAND
00V,NHS BURY CCG,E38000024,Q46,GREATER MANCHESTER AREA TEAM,Q73,E39000028,NHS ENGLAND NORTH (LANCASHIRE AND GREATER MANCHESTER),Y54,E40000001,NORTH OF ENGLAND COMMISSIONING REGION,ENG,E92000001,ENGLAND
00W,NHS CENTRAL MANCHESTER CCG,E38000032,Q46,GREATER MANCHESTER AREA TEAM,Q73,E39000028,NHS ENGLAND NORTH (LANCASHIRE AND GREATER MANCHESTER),Y54,E40000001,NORTH OF ENGLAND COMMISSIONING REGION,ENG,E92000001,ENGLAND
00X,NHS CHORLEY AND SOUTH RIBBLE CCG,E38000034,Q47,LANCASHIRE AREA TEAM,Q73,E39000028,NHS ENGLAND NORTH (LANCASHIRE AND GREATER MANCHESTER),Y54,E40000001,NORTH OF ENGLAND COMMISSIONING REGION,ENG,E92000001,ENGLAND
00Y,NHS OLDHAM CCG,E38000135,Q46,GREATER MANCHESTER AREA TEAM,Q73,E39000028,NHS ENGLAND NORTH (LANCASHIRE AND GREATER MANCHESTER),Y54,E40000001,NORTH OF ENGLAND COMMISSIONING REGION,ENG,E92000001,ENGLAND
01A,NHS EAST LANCASHIRE CCG,E38000050,Q47,LANCASHIRE AREA TEAM,Q73,E39000028,NHS ENGLAND NORTH (LANCASHIRE AND GREATER MANCHESTER),Y54,E40000001,NORTH OF ENGLAND COMMISSIONING REGION,ENG,E92000001,ENGLAND
01C,NHS EASTERN CHESHIRE CCG,E38000056,Q44,"CHESHIRE, WARRINGTON AND WIRRAL AREA TEAM",Q75,E39000026,NHS ENGLAND NORTH (CHESHIRE AND MERSEYSIDE),Y54,E40000001,NORTH OF ENGLAND COMMISSIONING REGION,ENG,E92000001,ENGLAND
01D,"NHS HEYWOOD, MIDDLETON AND ROCHDALE CCG",E38000080,Q46,GREATER MANCHESTER AREA TEAM,Q73,E39000028,NHS ENGLAND NORTH (LANCASHIRE AND GREATER MANCHESTER),Y54,E40000001,NORTH OF ENGLAND COMMISSIONING REGION,ENG,E92000001,ENGLAND
01E,NHS GREATER PRESTON CCG,E38000065,Q47,LANCASHIRE AREA TEAM,Q73,E39000028,NHS ENGLAND NORTH (LANCASHIRE AND GREATER MANCHESTER),Y54,E40000001,NORTH OF ENGLAND COMMISSIONING REGION,ENG,E92000001,ENGLAND
01F,NHS HALTON CCG,E38000068,Q48,MERSEYSIDE AREA TEAM,Q75,E39000026,NHS ENGLAND NORTH (CHESHIRE AND MERSEYSIDE),Y54,E40000001,NORTH OF ENGLAND COMMISSIONING REGION,ENG,E92000001,ENGLAND
01G,NHS SALFORD CCG,E38000143,Q46,GREATER MANCHESTER AREA TEAM,Q73,E39000028,NHS ENGLAND NORTH (LANCASHIRE AND GREATER MANCHESTER),Y54,E40000001,NORTH OF ENGLAND COMMISSIONING REGION,ENG,E92000001,ENGLAND
01H,NHS CUMBRIA CCG,E38000041,Q49,"CUMBRIA, NORTHUMBERLAND, TYNE AND WEAR AREA TEAM",Q74,E39000027,NHS ENGLAND NORTH (CUMBRIA AND NORTH EAST),Y54,E40000001,NORTH OF ENGLAND COMMISSIONING REGION,ENG,E92000001,ENGLAND
01J,NHS KNOWSLEY CCG,E38000091,Q48,MERSEYSIDE AREA TEAM,Q75,E39000026,NHS ENGLAND NORTH (CHESHIRE AND MERSEYSIDE),Y54,E40000001,NORTH OF ENGLAND COMMISSIONING REGION,ENG,E92000001,ENGLAND
01K,NHS LANCASHIRE NORTH CCG,E38000093,Q47,LANCASHIRE AREA TEAM,Q73,E39000028,NHS ENGLAND NORTH (LANCASHIRE AND GREATER MANCHESTER),Y54,E40000001,NORTH OF ENGLAND COMMISSIONING REGION,ENG,E92000001,ENGLAND
01M,NHS NORTH MANCHESTER CCG,E38000123,Q46,GREATER MANCHESTER AREA TEAM,Q73,E39000028,NHS ENGLAND NORTH (LANCASHIRE AND GREATER MANCHESTER),Y54,E40000001,NORTH OF ENGLAND COMMISSIONING REGION,ENG,E92000001,ENGLAND
01N,NHS SOUTH MANCHESTER CCG,E38000158,Q46,GREATER MANCHESTER AREA TEAM,Q73,E39000028,NHS ENGLAND NORTH (LANCASHIRE AND GREATER MANCHESTER),Y54,E40000001,NORTH OF ENGLAND COMMISSIONING REGION,ENG,E92000001,ENGLAND
01R,NHS SOUTH CHESHIRE CCG,E38000151,Q44,"CHESHIRE, WARRINGTON AND WIRRAL AREA TEAM",Q75,E39000026,NHS ENGLAND NORTH (CHESHIRE AND MERSEYSIDE),Y54,E40000001,NORTH OF ENGLAND COMMISSIONING REGION,ENG,E92000001,ENGLAND
01T,NHS SOUTH SEFTON CCG,E38000161,Q48,MERSEYSIDE AREA TEAM,Q75,E39000026,NHS ENGLAND NORTH (CHESHIRE AND MERSEYSIDE),Y54,E40000001,NORTH OF ENGLAND COMMISSIONING REGION,ENG,E92000001,ENGLAND
01V,NHS SOUTHPORT AND FORMBY CCG,E38000170,Q48,MERSEYSIDE AREA TEAM,Q75,E39000026,NHS ENGLAND NORTH (CHESHIRE AND MERSEYSIDE),Y54,E40000001,NORTH OF ENGLAND COMMISSIONING REGION,ENG,E92000001,ENGLAND
01W,NHS STOCKPORT CCG,E38000174,Q46,GREATER MANCHESTER AREA TEAM,Q73,E39000028,NHS ENGLAND NORTH (LANCASHIRE AND GREATER MANCHESTER),Y54,E40000001,NORTH OF ENGLAND COMMISSIONING REGION,ENG,E92000001,ENGLAND
01X,NHS ST HELENS CCG,E38000172,Q48,MERSEYSIDE AREA TEAM,Q75,E39000026,NHS ENGLAND NORTH (CHESHIRE AND MERSEYSIDE),Y54,E40000001,NORTH OF ENGLAND COMMISSIONING REGION,ENG,E92000001,ENGLAND
01Y,NHS TAMESIDE AND GLOSSOP CCG,E38000182,Q46,GREATER MANCHESTER AREA TEAM,Q73,E39000028,NHS ENGLAND NORTH (LANCASHIRE AND GREATER MANCHESTER),Y54,E40000001,NORTH OF ENGLAND COMMISSIONING REGION,ENG,E92000001,ENGLAND
02A,NHS TRAFFORD CCG,E38000187,Q46,GREATER MANCHESTER AREA TEAM,Q73,E39000028,NHS ENGLAND NORTH (LANCASHIRE AND GREATER MANCHESTER),Y54,E40000001,NORTH OF ENGLAND COMMISSIONING REGION,ENG,E92000001,ENGLAND
02D,NHS VALE ROYAL CCG,E38000189,Q44,"CHESHIRE, WARRINGTON AND WIRRAL AREA TEAM",Q75,E39000026,NHS ENGLAND NORTH (CHESHIRE AND MERSEYSIDE),Y54,E40000001,NORTH OF ENGLAND COMMISSIONING REGION,ENG,E92000001,ENGLAND
02E,NHS WARRINGTON CCG,E38000194,Q44,"CHESHIRE, WARRINGTON AND WIRRAL AREA TEAM",Q75,E39000026,NHS ENGLAND NORTH (CHESHIRE AND MERSEYSIDE),Y54,E40000001,NORTH OF ENGLAND COMMISSIONING REGION,ENG,E92000001,ENGLAND
02F,NHS WEST CHESHIRE CCG,E38000196,Q44,"CHESHIRE, WARRINGTON AND WIRRAL AREA TEAM",Q75,E39000026,NHS ENGLAND NORTH (CHESHIRE AND MERSEYSIDE),Y54,E40000001,NORTH OF ENGLAND COMMISSIONING REGION,ENG,E92000001,ENGLAND
02G,NHS WEST LANCASHIRE CCG,E38000200,Q47,LANCASHIRE AREA TEAM,Q73,E39000028,NHS ENGLAND NORTH (LANCASHIRE AND GREATER MANCHESTER),Y54,E40000001,NORTH OF ENGLAND COMMISSIONING REGION,ENG,E92000001,ENGLAND
02H,NHS WIGAN BOROUGH CCG,E38000205,Q46,GREATER MANCHESTER AREA TEAM,Q73,E39000028,NHS ENGLAND NORTH (LANCASHIRE AND GREATER MANCHESTER),Y54,E40000001,NORTH OF ENGLAND COMMISSIONING REGION,ENG,E92000001,ENGLAND
02M,NHS FYLDE & WYRE CCG,E38000060,Q47,LANCASHIRE AREA TEAM,Q73,E39000028,NHS ENGLAND NORTH (LANCASHIRE AND GREATER MANCHESTER),Y54,E40000001,NORTH OF ENGLAND COMMISSIONING REGION,ENG,E92000001,ENGLAND
02N,"NHS AIREDALE, WHARFEDALE AND CRAVEN CCG",E38000001,Q52,WEST YORKSHIRE AREA TEAM,Q72,E39000029,NHS ENGLAND NORTH (YORKSHIRE AND HUMBER),Y54,E40000001,NORTH OF ENGLAND COMMISSIONING REGION,ENG,E92000001,ENGLAND
02P,NHS BARNSLEY CCG,E38000006,Q51,SOUTH YORKSHIRE AND BASSETLAW AREA TEAM,Q72,E39000029,NHS ENGLAND NORTH (YORKSHIRE AND HUMBER),Y54,E40000001,NORTH OF ENGLAND COMMISSIONING REGION,ENG,E92000001,ENGLAND
02Q,NHS BASSETLAW CCG,E38000008,Q51,SOUTH YORKSHIRE AND BASSETLAW AREA TEAM,Q72,E39000029,NHS ENGLAND NORTH (YORKSHIRE AND HUMBER),Y54,E40000001,NORTH OF ENGLAND COMMISSIONING REGION,ENG,E92000001,ENGLAND
02R,NHS BRADFORD DISTRICTS CCG,E38000019,Q52,WEST YORKSHIRE AREA TEAM,Q72,E39000029,NHS ENGLAND NORTH (YORKSHIRE AND HUMBER),Y54,E40000001,NORTH OF ENGLAND COMMISSIONING REGION,ENG,E92000001,ENGLAND
02T,NHS CALDERDALE CCG,E38000025,Q52,WEST YORKSHIRE AREA TEAM,Q72,E39000029,NHS ENGLAND NORTH (YORKSHIRE AND HUMBER),Y54,E40000001,NORTH OF ENGLAND COMMISSIONING REGION,ENG,E92000001,ENGLAND
02V,NHS LEEDS NORTH CCG,E38000094,Q52,WEST YORKSHIRE AREA TEAM,Q72,E39000029,NHS ENGLAND NORTH (YORKSHIRE AND HUMBER),Y54,E40000001,NORTH OF ENGLAND COMMISSIONING REGION,ENG,E92000001,ENGLAND
02W,NHS BRADFORD CITY CCG,E38000018,Q52,WEST YORKSHIRE AREA TEAM,Q72,E39000029,NHS ENGLAND NORTH (YORKSHIRE AND HUMBER),Y54,E40000001,NORTH OF ENGLAND COMMISSIONING REGION,ENG,E92000001,ENGLAND
02X,NHS DONCASTER CCG,E38000044,Q51,SOUTH YORKSHIRE AND BASSETLAW AREA TEAM,Q72,E39000029,NHS ENGLAND NORTH (YORKSHIRE AND HUMBER),Y54,E40000001,NORTH OF ENGLAND COMMISSIONING REGION,ENG,E92000001,ENGLAND
02Y,NHS EAST RIDING OF YORKSHIRE CCG,E38000052,Q50,NORTH YORKSHIRE AND HUMBER AREA TEAM,Q72,E39000029,NHS ENGLAND NORTH (YORKSHIRE AND HUMBER),Y54,E40000001,NORTH OF ENGLAND COMMISSIONING REGION,ENG,E92000001,ENGLAND
03A,NHS GREATER HUDDERSFIELD CCG,E38000064,Q52,WEST YORKSHIRE AREA TEAM,Q72,E39000029,NHS ENGLAND NORTH (YORKSHIRE AND HUMBER),Y54,E40000001,NORTH OF ENGLAND COMMISSIONING REGION,ENG,E92000001,ENGLAND
03C,NHS LEEDS WEST CCG,E38000096,Q52,WEST YORKSHIRE AREA TEAM,Q72,E39000029,NHS ENGLAND NORTH (YORKSHIRE AND HUMBER),Y54,E40000001,NORTH OF ENGLAND COMMISSIONING REGION,ENG,E92000001,ENGLAND
03D,"NHS HAMBLETON, RICHMONDSHIRE AND WHITBY CCG",E38000069,Q50,NORTH YORKSHIRE AND HUMBER AREA TEAM,Q72,E39000029,NHS ENGLAND NORTH (YORKSHIRE AND HUMBER),Y54,E40000001,NORTH OF ENGLAND COMMISSIONING REGION,ENG,E92000001,ENGLAND
03E,NHS HARROGATE AND RURAL DISTRICT CCG,E38000073,Q50,NORTH YORKSHIRE AND HUMBER AREA TEAM,Q72,E39000029,NHS ENGLAND NORTH (YORKSHIRE AND HUMBER),Y54,E40000001,NORTH OF ENGLAND COMMISSIONING REGION,ENG,E92000001,ENGLAND
03F,NHS HULL CCG,E38000085,Q50,NORTH YORKSHIRE AND HUMBER AREA TEAM,Q72,E39000029,NHS ENGLAND NORTH (YORKSHIRE AND HUMBER),Y54,E40000001,NORTH OF ENGLAND COMMISSIONING REGION,ENG,E92000001,ENGLAND
03G,NHS LEEDS SOUTH AND EAST CCG,E38000095,Q52,WEST YORKSHIRE AREA TEAM,Q72,E39000029,NHS ENGLAND NORTH (YORKSHIRE AND HUMBER),Y54,E40000001,NORTH OF ENGLAND COMMISSIONING REGION,ENG,E92000001,ENGLAND
03H,NHS NORTH EAST LINCOLNSHIRE CCG,E38000119,Q50,NORTH YORKSHIRE AND HUMBER AREA TEAM,Q72,E39000029,NHS ENGLAND NORTH (YORKSHIRE AND HUMBER),Y54,E40000001,NORTH OF ENGLAND COMMISSIONING REGION,ENG,E92000001,ENGLAND
03J,NHS NORTH KIRKLEES CCG,E38000121,Q52,WEST YORKSHIRE AREA TEAM,Q72,E39000029,NHS ENGLAND NORTH (YORKSHIRE AND HUMBER),Y54,E40000001,NORTH OF ENGLAND COMMISSIONING REGION,ENG,E92000001,ENGLAND
03K,NHS NORTH LINCOLNSHIRE CCG,E38000122,Q50,NORTH YORKSHIRE AND HUMBER AREA TEAM,Q72,E39000029,NHS ENGLAND NORTH (YORKSHIRE AND HUMBER),Y54,E40000001,NORTH OF ENGLAND COMMISSIONING REGION,ENG,E92000001,ENGLAND
03L,NHS ROTHERHAM CCG,E38000141,Q51,SOUTH YORKSHIRE AND BASSETLAW AREA TEAM,Q72,E39000029,NHS ENGLAND NORTH (YORKSHIRE AND HUMBER),Y54,E40000001,NORTH OF ENGLAND COMMISSIONING REGION,ENG,E92000001,ENGLAND
03M,NHS SCARBOROUGH AND RYEDALE CCG,E38000145,Q50,NORTH YORKSHIRE AND HUMBER AREA TEAM,Q72,E39000029,NHS ENGLAND NORTH (YORKSHIRE AND HUMBER),Y54,E40000001,NORTH OF ENGLAND COMMISSIONING REGION,ENG,E92000001,ENGLAND
03N,NHS SHEFFIELD CCG,E38000146,Q51,SOUTH YORKSHIRE AND BASSETLAW AREA TEAM,Q72,E39000029,NHS ENGLAND NORTH (YORKSHIRE AND HUMBER),Y54,E40000001,NORTH OF ENGLAND COMMISSIONING REGION,ENG,E92000001,ENGLAND
03Q,NHS VALE OF YORK CCG,E38000188,Q50,NORTH YORKSHIRE AND HUMBER AREA TEAM,Q72,E39000029,NHS ENGLAND NORTH (YORKSHIRE AND HUMBER),Y54,E40000001,NORTH OF ENGLAND COMMISSIONING REGION,ENG,E92000001,ENGLAND
03R,NHS WAKEFIELD CCG,E38000190,Q52,WEST YORKSHIRE AREA TEAM,Q72,E39000029,NHS ENGLAND NORTH (YORKSHIRE AND HUMBER),Y54,E40000001,NORTH OF ENGLAND COMMISSIONING REGION,ENG,E92000001,ENGLAND
03T,NHS LINCOLNSHIRE EAST CCG,E38000099,Q59,LEICESTERSHIRE AND LINCOLNSHIRE AREA TEAM,Q78,E39000030,NHS ENGLAND MIDLANDS AND EAST (CENTRAL MIDLANDS),Y55,E40000002,MIDLANDS AND EAST OF ENGLAND COMMISSIONING REGION,ENG,E92000001,ENGLAND
03V,NHS CORBY CCG,E38000037,Q58,HERTFORDSHIRE AND THE SOUTH MIDLANDS AREA TEAM,Q78,E39000030,NHS ENGLAND MIDLANDS AND EAST (CENTRAL MIDLANDS),Y55,E40000002,MIDLANDS AND EAST OF ENGLAND COMMISSIONING REGION,ENG,E92000001,ENGLAND
03W,NHS EAST LEICESTERSHIRE AND RUTLAND CCG,E38000051,Q59,LEICESTERSHIRE AND LINCOLNSHIRE AREA TEAM,Q78,E39000030,NHS ENGLAND MIDLANDS AND EAST (CENTRAL MIDLANDS),Y55,E40000002,MIDLANDS AND EAST OF ENGLAND COMMISSIONING REGION,ENG,E92000001,ENGLAND
03X,NHS EREWASH CCG,E38000058,Q55,DERBYSHIRE AND NOTTINGHAMSHIRE AREA TEAM,Q76,E39000032,NHS ENGLAND MIDLANDS AND EAST (NORTH MIDLANDS),Y55,E40000002,MIDLANDS AND EAST OF ENGLAND COMMISSIONING REGION,ENG,E92000001,ENGLAND
03Y,NHS HARDWICK CCG,E38000071,Q55,DERBYSHIRE AND NOTTINGHAMSHIRE AREA TEAM,Q76,E39000032,NHS ENGLAND MIDLANDS AND EAST (NORTH MIDLANDS),Y55,E40000002,MIDLANDS AND EAST OF ENGLAND COMMISSIONING REGION,ENG,E92000001,ENGLAND
04C,NHS LEICESTER CITY CCG,E38000097,Q59,LEICESTERSHIRE AND LINCOLNSHIRE AREA TEAM,Q78,E39000030,NHS ENGLAND MIDLANDS AND EAST (CENTRAL MIDLANDS),Y55,E40000002,MIDLANDS AND EAST OF ENGLAND COMMISSIONING REGION,ENG,E92000001,ENGLAND
04D,NHS LINCOLNSHIRE WEST CCG,E38000100,Q59,LEICESTERSHIRE AND LINCOLNSHIRE AREA TEAM,Q78,E39000030,NHS ENGLAND MIDLANDS AND EAST (CENTRAL MIDLANDS),Y55,E40000002,MIDLANDS AND EAST OF ENGLAND COMMISSIONING REGION,ENG,E92000001,ENGLAND
04E,NHS MANSFIELD AND ASHFIELD CCG,E38000103,Q55,DERBYSHIRE AND NOTTINGHAMSHIRE AREA TEAM,Q76,E39000032,NHS ENGLAND MIDLANDS AND EAST (NORTH MIDLANDS),Y55,E40000002,MIDLANDS AND EAST OF ENGLAND COMMISSIONING REGION,ENG,E92000001,ENGLAND
04F,NHS MILTON KEYNES CCG,E38000107,Q58,HERTFORDSHIRE AND THE SOUTH MIDLANDS AREA TEAM,Q78,E39000030,NHS ENGLAND MIDLANDS AND EAST (CENTRAL MIDLANDS),Y55,E40000002,MIDLANDS AND EAST OF ENGLAND COMMISSIONING REGION,ENG,E92000001,ENGLAND
04G,NHS NENE CCG,E38000108,Q58,HERTFORDSHIRE AND THE SOUTH MIDLANDS AREA TEAM,Q78,E39000030,NHS ENGLAND MIDLANDS AND EAST (CENTRAL MIDLANDS),Y55,E40000002,MIDLANDS AND EAST OF ENGLAND COMMISSIONING REGION,ENG,E92000001,ENGLAND
04H,NHS NEWARK & SHERWOOD CCG,E38000109,Q55,DERBYSHIRE AND NOTTINGHAMSHIRE AREA TEAM,Q76,E39000032,NHS ENGLAND MIDLANDS AND EAST (NORTH MIDLANDS),Y55,E40000002,MIDLANDS AND EAST OF ENGLAND COMMISSIONING REGION,ENG,E92000001,ENGLAND
04J,NHS NORTH DERBYSHIRE CCG,E38000115,Q55,DERBYSHIRE AND NOTTINGHAMSHIRE AREA TEAM,Q76,E39000032,NHS ENGLAND MIDLANDS AND EAST (NORTH MIDLANDS),Y55,E40000002,MIDLANDS AND EAST OF ENGLAND COMMISSIONING REGION,ENG,E92000001,ENGLAND
04K,NHS NOTTINGHAM CITY CCG,E38000132,Q55,DERBYSHIRE AND NOTTINGHAMSHIRE AREA TEAM,Q76,E39000032,NHS ENGLAND MIDLANDS AND EAST (NORTH MIDLANDS),Y55,E40000002,MIDLANDS AND EAST OF ENGLAND COMMISSIONING REGION,ENG,E92000001,ENGLAND
04L,NHS NOTTINGHAM NORTH AND EAST CCG,E38000133,Q55,DERBYSHIRE AND NOTTINGHAMSHIRE AREA TEAM,Q76,E39000032,NHS ENGLAND MIDLANDS AND EAST (NORTH MIDLANDS),Y55,E40000002,MIDLANDS AND EAST OF ENGLAND COMMISSIONING REGION,ENG,E92000001,ENGLAND
04M,NHS NOTTINGHAM WEST CCG,E38000134,Q55,DERBYSHIRE AND NOTTINGHAMSHIRE AREA TEAM,Q76,E39000032,NHS ENGLAND MIDLANDS AND EAST (NORTH MIDLANDS),Y55,E40000002,MIDLANDS AND EAST OF ENGLAND COMMISSIONING REGION,ENG,E92000001,ENGLAND
04N,NHS RUSHCLIFFE CCG,E38000142,Q55,DERBYSHIRE AND NOTTINGHAMSHIRE AREA TEAM,Q76,E39000032,NHS ENGLAND MIDLANDS AND EAST (NORTH MIDLANDS),Y55,E40000002,MIDLANDS AND EAST OF ENGLAND COMMISSIONING REGION,ENG,E92000001,ENGLAND
04Q,NHS SOUTH WEST LINCOLNSHIRE CCG,E38000165,Q59,LEICESTERSHIRE AND LINCOLNSHIRE AREA TEAM,Q78,E39000030,NHS ENGLAND MIDLANDS AND EAST (CENTRAL MIDLANDS),Y55,E40000002,MIDLANDS AND EAST OF ENGLAND COMMISSIONING REGION,ENG,E92000001,ENGLAND
04R,NHS SOUTHERN DERBYSHIRE CCG,E38000169,Q55,DERBYSHIRE AND NOTTINGHAMSHIRE AREA TEAM,Q76,E39000032,NHS ENGLAND MIDLANDS AND EAST (NORTH MIDLANDS),Y55,E40000002,MIDLANDS AND EAST OF ENGLAND COMMISSIONING REGION,ENG,E92000001,ENGLAND
04V,NHS WEST LEICESTERSHIRE CCG,E38000201,Q59,LEICESTERSHIRE AND LINCOLNSHIRE AREA TEAM,Q78,E39000030,NHS ENGLAND MIDLANDS AND EAST (CENTRAL MIDLANDS),Y55,E40000002,MIDLANDS AND EAST OF ENGLAND COMMISSIONING REGION,ENG,E92000001,ENGLAND
04X,NHS BIRMINGHAM SOUTH AND CENTRAL CCG,E38000013,Q54,BIRMINGHAM AND THE BLACK COUNTRY AREA TEAM,Q77,E39000033,NHS ENGLAND MIDLANDS AND EAST (WEST MIDLANDS),Y55,E40000002,MIDLANDS AND EAST OF ENGLAND COMMISSIONING REGION,ENG,E92000001,ENGLAND
04Y,NHS CANNOCK CHASE CCG,E38000028,Q60,SHROPSHIRE AND STAFFORDSHIRE AREA TEAM,Q76,E39000032,NHS ENGLAND MIDLANDS AND EAST (NORTH MIDLANDS),Y55,E40000002,MIDLANDS AND EAST OF ENGLAND COMMISSIONING REGION,ENG,E92000001,ENGLAND
05A,NHS COVENTRY AND RUGBY CCG,E38000038,Q53,"ARDEN, HEREFORDSHIRE AND WORCESTERSHIRE AREA TEAM",Q77,E39000033,NHS ENGLAND MIDLANDS AND EAST (WEST MIDLANDS),Y55,E40000002,MIDLANDS AND EAST OF ENGLAND COMMISSIONING REGION,ENG,E92000001,ENGLAND
05C,NHS DUDLEY CCG,E38000046,Q54,BIRMINGHAM AND THE BLACK COUNTRY AREA TEAM,Q77,E39000033,NHS ENGLAND MIDLANDS AND EAST (WEST MIDLANDS),Y55,E40000002,MIDLANDS AND EAST OF ENGLAND COMMISSIONING REGION,ENG,E92000001,ENGLAND
05D,NHS EAST STAFFORDSHIRE CCG,E38000053,Q60,SHROPSHIRE AND STAFFORDSHIRE AREA TEAM,Q76,E39000032,NHS ENGLAND MIDLANDS AND EAST (NORTH MIDLANDS),Y55,E40000002,MIDLANDS AND EAST OF ENGLAND COMMISSIONING REGION,ENG,E92000001,ENGLAND
05F,NHS HEREFORDSHIRE CCG,E38000078,Q53,"ARDEN, HEREFORDSHIRE AND WORCESTERSHIRE AREA TEAM",Q77,E39000033,NHS ENGLAND MIDLANDS AND EAST (WEST MIDLANDS),Y55,E40000002,MIDLANDS AND EAST OF ENGLAND COMMISSIONING REGION,ENG,E92000001,ENGLAND
05G,NHS NORTH STAFFORDSHIRE CCG,E38000126,Q60,SHROPSHIRE AND STAFFORDSHIRE AREA TEAM,Q76,E39000032,NHS ENGLAND MIDLANDS AND EAST (NORTH MIDLANDS),Y55,E40000002,MIDLANDS AND EAST OF ENGLAND COMMISSIONING REGION,ENG,E92000001,ENGLAND
05H,NHS WARWICKSHIRE NORTH CCG,E38000195,Q53,"ARDEN, HEREFORDSHIRE AND WORCESTERSHIRE AREA TEAM",Q77,E39000033,NHS ENGLAND MIDLANDS AND EAST (WEST MIDLANDS),Y55,E40000002,MIDLANDS AND EAST OF ENGLAND COMMISSIONING REGION,ENG,E92000001,ENGLAND
05J,NHS REDDITCH AND BROMSGROVE CCG,E38000139,Q53,"ARDEN, HEREFORDSHIRE AND WORCESTERSHIRE AREA TEAM",Q77,E39000033,NHS ENGLAND MIDLANDS AND EAST (WEST MIDLANDS),Y55,E40000002,MIDLANDS AND EAST OF ENGLAND COMMISSIONING REGION,ENG,E92000001,ENGLAND
05L,NHS SANDWELL AND WEST BIRMINGHAM CCG,E38000144,Q54,BIRMINGHAM AND THE BLACK COUNTRY AREA TEAM,Q77,E39000033,NHS ENGLAND MIDLANDS AND EAST (WEST MIDLANDS),Y55,E40000002,MIDLANDS AND EAST OF ENGLAND COMMISSIONING REGION,ENG,E92000001,ENGLAND
05N,NHS SHROPSHIRE CCG,E38000147,Q60,SHROPSHIRE AND STAFFORDSHIRE AREA TEAM,Q76,E39000032,NHS ENGLAND MIDLANDS AND EAST (NORTH MIDLANDS),Y55,E40000002,MIDLANDS AND EAST OF ENGLAND COMMISSIONING REGION,ENG,E92000001,ENGLAND
05P,NHS SOLIHULL CCG,E38000149,Q54,BIRMINGHAM AND THE BLACK COUNTRY AREA TEAM,Q77,E39000033,NHS ENGLAND MIDLANDS AND EAST (WEST MIDLANDS),Y55,E40000002,MIDLANDS AND EAST OF ENGLAND COMMISSIONING REGION,ENG,E92000001,ENGLAND
05Q,NHS SOUTH EAST STAFFORDSHIRE AND SEISDON PENINSULA CCG,E38000153,Q60,SHROPSHIRE AND STAFFORDSHIRE AREA TEAM,Q76,E39000032,NHS ENGLAND MIDLANDS AND EAST (NORTH MIDLANDS),Y55,E40000002,MIDLANDS AND EAST OF ENGLAND COMMISSIONING REGION,ENG,E92000001,ENGLAND
05R,NHS SOUTH WARWICKSHIRE CCG,E38000164,Q53,"ARDEN, HEREFORDSHIRE AND WORCESTERSHIRE AREA TEAM",Q77,E39000033,NHS ENGLAND MIDLANDS AND EAST (WEST MIDLANDS),Y55,E40000002,MIDLANDS AND EAST OF ENGLAND COMMISSIONING REGION,ENG,E92000001,ENGLAND
05T,NHS SOUTH WORCESTERSHIRE CCG,E38000166,Q53,"ARDEN, HEREFORDSHIRE AND WORCESTERSHIRE AREA TEAM",Q77,E39000033,NHS ENGLAND MIDLANDS AND EAST (WEST MIDLANDS),Y55,E40000002,MIDLANDS AND EAST OF ENGLAND COMMISSIONING REGION,ENG,E92000001,ENGLAND
05V,NHS STAFFORD AND SURROUNDS CCG,E38000173,Q60,SHROPSHIRE AND STAFFORDSHIRE AREA TEAM,Q76,E39000032,NHS ENGLAND MIDLANDS AND EAST (NORTH MIDLANDS),Y55,E40000002,MIDLANDS AND EAST OF ENGLAND COMMISSIONING REGION,ENG,E92000001,ENGLAND
05W,NHS STOKE ON TRENT CCG,E38000175,Q60,SHROPSHIRE AND STAFFORDSHIRE AREA TEAM,Q76,E39000032,NHS ENGLAND MIDLANDS AND EAST (NORTH MIDLANDS),Y55,E40000002,MIDLANDS AND EAST OF ENGLAND COMMISSIONING REGION,ENG,E92000001,ENGLAND
05X,NHS TELFORD AND WREKIN CCG,E38000183,Q60,SHROPSHIRE AND STAFFORDSHIRE AREA TEAM,Q76,E39000032,NHS ENGLAND MIDLANDS AND EAST (NORTH MIDLANDS),Y55,E40000002,MIDLANDS AND EAST OF ENGLAND COMMISSIONING REGION,ENG,E92000001,ENGLAND
05Y,NHS WALSALL CCG,E38000191,Q54,BIRMINGHAM AND THE BLACK COUNTRY AREA TEAM,Q77,E39000033,NHS ENGLAND MIDLANDS AND EAST (WEST MIDLANDS),Y55,E40000002,MIDLANDS AND EAST OF ENGLAND COMMISSIONING REGION,ENG,E92000001,ENGLAND
06A,NHS WOLVERHAMPTON CCG,E38000210,Q54,BIRMINGHAM AND THE BLACK COUNTRY AREA TEAM,Q77,E39000033,NHS ENGLAND MIDLANDS AND EAST (WEST MIDLANDS),Y55,E40000002,MIDLANDS AND EAST OF ENGLAND COMMISSIONING REGION,ENG,E92000001,ENGLAND
06D,NHS WYRE FOREST CCG,E38000211,Q53,"ARDEN, HEREFORDSHIRE AND WORCESTERSHIRE AREA TEAM",Q77,E39000033,NHS ENGLAND MIDLANDS AND EAST (WEST MIDLANDS),Y55,E40000002,MIDLANDS AND EAST OF ENGLAND COMMISSIONING REGION,ENG,E92000001,ENGLAND
06F,NHS BEDFORDSHIRE CCG,E38000010,Q58,HERTFORDSHIRE AND THE SOUTH MIDLANDS AREA TEAM,Q78,E39000030,NHS ENGLAND MIDLANDS AND EAST (CENTRAL MIDLANDS),Y55,E40000002,MIDLANDS AND EAST OF ENGLAND COMMISSIONING REGION,ENG,E92000001,ENGLAND
06H,NHS CAMBRIDGESHIRE AND PETERBOROUGH CCG,E38000026,Q56,EAST ANGLIA AREA TEAM,Q79,E39000031,NHS ENGLAND MIDLANDS AND EAST (EAST),Y55,E40000002,MIDLANDS AND EAST OF ENGLAND COMMISSIONING REGION,ENG,E92000001,ENGLAND
06K,NHS EAST AND NORTH HERTFORDSHIRE CCG,E38000049,Q58,HERTFORDSHIRE AND THE SOUTH MIDLANDS AREA TEAM,Q78,E39000030,NHS ENGLAND MIDLANDS AND EAST (CENTRAL MIDLANDS),Y55,E40000002,MIDLANDS AND EAST OF ENGLAND COMMISSIONING REGION,ENG,E92000001,ENGLAND
06L,NHS IPSWICH AND EAST SUFFOLK CCG,E38000086,Q56,EAST ANGLIA AREA TEAM,Q79,E39000031,NHS ENGLAND MIDLANDS AND EAST (EAST),Y55,E40000002,MIDLANDS AND EAST OF ENGLAND COMMISSIONING REGION,ENG,E92000001,ENGLAND
06M,NHS GREAT YARMOUTH AND WAVENEY CCG,E38000063,Q56,EAST ANGLIA AREA TEAM,Q79,E39000031,NHS ENGLAND MIDLANDS AND EAST (EAST),Y55,E40000002,MIDLANDS AND EAST OF ENGLAND COMMISSIONING REGION,ENG,E92000001,ENGLAND
06N,NHS HERTS VALLEYS CCG,E38000079,Q58,HERTFORDSHIRE AND THE SOUTH MIDLANDS AREA TEAM,Q78,E39000030,NHS ENGLAND MIDLANDS AND EAST (CENTRAL MIDLANDS),Y55,E40000002,MIDLANDS AND EAST OF ENGLAND COMMISSIONING REGION,ENG,E92000001,ENGLAND
06P,NHS LUTON CCG,E38000102,Q58,HERTFORDSHIRE AND THE SOUTH MIDLANDS AREA TEAM,Q78,E39000030,NHS ENGLAND MIDLANDS AND EAST (CENTRAL MIDLANDS),Y55,E40000002,MIDLANDS AND EAST OF ENGLAND COMMISSIONING REGION,ENG,E92000001,ENGLAND
06Q,NHS MID ESSEX CCG,E38000106,Q57,ESSEX AREA TEAM,Q79,E39000031,NHS ENGLAND MIDLANDS AND EAST (EAST),Y55,E40000002,MIDLANDS AND EAST OF ENGLAND COMMISSIONING REGION,ENG,E92000001,ENGLAND
06T,NHS NORTH EAST ESSEX CCG,E38000117,Q57,ESSEX AREA TEAM,Q79,E39000031,NHS ENGLAND MIDLANDS AND EAST (EAST),Y55,E40000002,MIDLANDS AND EAST OF ENGLAND COMMISSIONING REGION,ENG,E92000001,ENGLAND
06V,NHS NORTH NORFOLK CCG,E38000124,Q56,EAST ANGLIA AREA TEAM,Q79,E39000031,NHS ENGLAND MIDLANDS AND EAST (EAST),Y55,E40000002,MIDLANDS AND EAST OF ENGLAND COMMISSIONING REGION,ENG,E92000001,ENGLAND
06W,NHS NORWICH CCG,E38000131,Q56,EAST ANGLIA AREA TEAM,Q79,E39000031,NHS ENGLAND MIDLANDS AND EAST (EAST),Y55,E40000002,MIDLANDS AND EAST OF ENGLAND COMMISSIONING REGION,ENG,E92000001,ENGLAND
06Y,NHS SOUTH NORFOLK CCG,E38000159,Q56,EAST ANGLIA AREA TEAM,Q79,E39000031,NHS ENGLAND MIDLANDS AND EAST (EAST),Y55,E40000002,MIDLANDS AND EAST OF ENGLAND COMMISSIONING REGION,ENG,E92000001,ENGLAND
07G,NHS THURROCK CCG,E38000185,Q57,ESSEX AREA TEAM,Q79,E39000031,NHS ENGLAND MIDLANDS AND EAST (EAST),Y55,E40000002,MIDLANDS AND EAST OF ENGLAND COMMISSIONING REGION,ENG,E92000001,ENGLAND
07H,NHS WEST ESSEX CCG,E38000197,Q57,ESSEX AREA TEAM,Q79,E39000031,NHS ENGLAND MIDLANDS AND EAST (EAST),Y55,E40000002,MIDLANDS AND EAST OF ENGLAND COMMISSIONING REGION,ENG,E92000001,ENGLAND
07J,NHS WEST NORFOLK CCG,E38000203,Q56,EAST ANGLIA AREA TEAM,Q79,E39000031,NHS ENGLAND MIDLANDS AND EAST (EAST),Y55,E40000002,MIDLANDS AND EAST OF ENGLAND COMMISSIONING REGION,ENG,E92000001,ENGLAND
07K,NHS WEST SUFFOLK CCG,E38000204,Q56,EAST ANGLIA AREA TEAM,Q79,E39000031,NHS ENGLAND MIDLANDS AND EAST (EAST),Y55,E40000002,MIDLANDS AND EAST OF ENGLAND COMMISSIONING REGION,ENG,E92000001,ENGLAND
07L,NHS BARKING AND DAGENHAM CCG,E38000004,Q71a,LONDON NORTH EAST AND CENTRAL,Q71,E39000018,NHS ENGLAND LONDON,Y56,E40000003,LONDON COMMISSIONING REGION,ENG,E92000001,ENGLAND
07M,NHS BARNET CCG,E38000005,Q71a,LONDON NORTH EAST AND CENTRAL,Q71,E39000018,NHS ENGLAND LONDON,Y56,E40000003,LONDON COMMISSIONING REGION,ENG,E92000001,ENGLAND
07N,NHS BEXLEY CCG,E38000011,Q71c,LONDON SOUTH,Q71,E39000018,NHS ENGLAND LONDON,Y56,E40000003,LONDON COMMISSIONING REGION,ENG,E92000001,ENGLAND
07P,NHS BRENT CCG,E38000020,Q71b,LONDON NORTH WEST,Q71,E39000018,NHS ENGLAND LONDON,Y56,E40000003,LONDON COMMISSIONING REGION,ENG,E92000001,ENGLAND
07Q,NHS BROMLEY CCG,E38000023,Q71c,LONDON SOUTH,Q71,E39000018,NHS ENGLAND LONDON,Y56,E40000003,LONDON COMMISSIONING REGION,ENG,E92000001,ENGLAND
07R,NHS CAMDEN CCG,E38000027,Q71a,LONDON NORTH EAST AND CENTRAL,Q71,E39000018,NHS ENGLAND LONDON,Y56,E40000003,LONDON COMMISSIONING REGION,ENG,E92000001,ENGLAND
07T,NHS CITY AND HACKNEY CCG,E38000035,Q71a,LONDON NORTH EAST AND CENTRAL,Q71,E39000018,NHS ENGLAND LONDON,Y56,E40000003,LONDON COMMISSIONING REGION,ENG,E92000001,ENGLAND
07V,NHS CROYDON CCG,E38000040,Q71c,LONDON SOUTH,Q71,E39000018,NHS ENGLAND LONDON,Y56,E40000003,LONDON COMMISSIONING REGION,ENG,E92000001,ENGLAND
07W,NHS EALING CCG,E38000048,Q71b,LONDON NORTH WEST,Q71,E39000018,NHS ENGLAND LONDON,Y56,E40000003,LONDON COMMISSIONING REGION,ENG,E92000001,ENGLAND
07X,NHS ENFIELD CCG,E38000057,Q71a,LONDON NORTH EAST AND CENTRAL,Q71,E39000018,NHS ENGLAND LONDON,Y56,E40000003,LONDON COMMISSIONING REGION,ENG,E92000001,ENGLAND
07Y,NHS HOUNSLOW CCG,E38000084,Q71b,LONDON NORTH WEST,Q71,E39000018,NHS ENGLAND LONDON,Y56,E40000003,LONDON COMMISSIONING REGION,ENG,E92000001,ENGLAND
08A,NHS GREENWICH CCG,E38000066,Q71c,LONDON SOUTH,Q71,E39000018,NHS ENGLAND LONDON,Y56,E40000003,LONDON COMMISSIONING REGION,ENG,E92000001,ENGLAND
08C,NHS HAMMERSMITH AND FULHAM CCG,E38000070,Q71b,LONDON NORTH WEST,Q71,E39000018,NHS ENGLAND LONDON,Y56,E40000003,LONDON COMMISSIONING REGION,ENG,E92000001,ENGLAND
08D,NHS HARINGEY CCG,E38000072,Q71a,LONDON NORTH EAST AND CENTRAL,Q71,E39000018,NHS ENGLAND LONDON,Y56,E40000003,LONDON COMMISSIONING REGION,ENG,E92000001,ENGLAND
08E,NHS HARROW CCG,E38000074,Q71b,LONDON NORTH WEST,Q71,E39000018,NHS ENGLAND LONDON,Y56,E40000003,LONDON COMMISSIONING REGION,ENG,E92000001,ENGLAND
08F,NHS HAVERING CCG,E38000077,Q71a,LONDON NORTH EAST AND CENTRAL,Q71,E39000018,NHS ENGLAND LONDON,Y56,E40000003,LONDON COMMISSIONING REGION,ENG,E92000001,ENGLAND
08G,NHS HILLINGDON CCG,E38000082,Q71b,LONDON NORTH WEST,Q71,E39000018,NHS ENGLAND LONDON,Y56,E40000003,LONDON COMMISSIONING REGION,ENG,E92000001,ENGLAND
08H,NHS ISLINGTON CCG,E38000088,Q71a,LONDON NORTH EAST AND CENTRAL,Q71,E39000018,NHS ENGLAND LONDON,Y56,E40000003,LONDON COMMISSIONING REGION,ENG,E92000001,ENGLAND
08J,NHS KINGSTON CCG,E38000090,Q71c,LONDON SOUTH,Q71,E39000018,NHS ENGLAND LONDON,Y56,E40000003,LONDON COMMISSIONING REGION,ENG,E92000001,ENGLAND
08K,NHS LAMBETH CCG,E38000092,Q71c,LONDON SOUTH,Q71,E39000018,NHS ENGLAND LONDON,Y56,E40000003,LONDON COMMISSIONING REGION,ENG,E92000001,ENGLAND
08L,NHS LEWISHAM CCG,E38000098,Q71c,LONDON SOUTH,Q71,E39000018,NHS ENGLAND LONDON,Y56,E40000003,LONDON COMMISSIONING REGION,ENG,E92000001,ENGLAND
08M,NHS NEWHAM CCG,E38000113,Q71a,LONDON NORTH EAST AND CENTRAL,Q71,E39000018,NHS ENGLAND LONDON,Y56,E40000003,LONDON COMMISSIONING REGION,ENG,E92000001,ENGLAND
08N,NHS REDBRIDGE CCG,E38000138,Q71a,LONDON NORTH EAST AND CENTRAL,Q71,E39000018,NHS ENGLAND LONDON,Y56,E40000003,LONDON COMMISSIONING REGION,ENG,E92000001,ENGLAND
08P,NHS RICHMOND CCG,E38000140,Q71c,LONDON SOUTH,Q71,E39000018,NHS ENGLAND LONDON,Y56,E40000003,LONDON COMMISSIONING REGION,ENG,E92000001,ENGLAND
08Q,NHS SOUTHWARK CCG,E38000171,Q71c,LONDON SOUTH,Q71,E39000018,NHS ENGLAND LONDON,Y56,E40000003,LONDON COMMISSIONING REGION,ENG,E92000001,ENGLAND
08R,NHS MERTON CCG,E38000105,Q71c,LONDON SOUTH,Q71,E39000018,NHS ENGLAND LONDON,Y56,E40000003,LONDON COMMISSIONING REGION,ENG,E92000001,ENGLAND
08T,NHS SUTTON CCG,E38000179,Q71c,LONDON SOUTH,Q71,E39000018,NHS ENGLAND LONDON,Y56,E40000003,LONDON COMMISSIONING REGION,ENG,E92000001,ENGLAND
08V,NHS TOWER HAMLETS CCG,E38000186,Q71a,LONDON NORTH EAST AND CENTRAL,Q71,E39000018,NHS ENGLAND LONDON,Y56,E40000003,LONDON COMMISSIONING REGION,ENG,E92000001,ENGLAND
08W,NHS WALTHAM FOREST CCG,E38000192,Q71a,LONDON NORTH EAST AND CENTRAL,Q71,E39000018,NHS ENGLAND LONDON,Y56,E40000003,LONDON COMMISSIONING REGION,ENG,E92000001,ENGLAND
08X,NHS WANDSWORTH CCG,E38000193,Q71c,LONDON SOUTH,Q71,E39000018,NHS ENGLAND LONDON,Y56,E40000003,LONDON COMMISSIONING REGION,ENG,E92000001,ENGLAND
08Y,NHS WEST LONDON CCG,E38000202,Q71b,LONDON NORTH WEST,Q71,E39000018,NHS ENGLAND LONDON,Y56,E40000003,LONDON COMMISSIONING REGION,ENG,E92000001,ENGLAND
09A,NHS CENTRAL LONDON (WESTMINSTER) CCG,E38000031,Q71b,LONDON NORTH WEST,Q71,E39000018,NHS ENGLAND LONDON,Y56,E40000003,LONDON COMMISSIONING REGION,ENG,E92000001,ENGLAND
09C,NHS ASHFORD CCG,E38000002,Q67,KENT AND MEDWAY AREA TEAM,Q81,E39000035,NHS ENGLAND SOUTH (SOUTH EAST),Y57,E40000004,SOUTH OF ENGLAND COMMISSIONING REGION,ENG,E92000001,ENGLAND
09D,NHS BRIGHTON AND HOVE CCG,E38000021,Q68,SURREY AND SUSSEX AREA TEAM,Q81,E39000035,NHS ENGLAND SOUTH (SOUTH EAST),Y57,E40000004,SOUTH OF ENGLAND COMMISSIONING REGION,ENG,E92000001,ENGLAND
09E,NHS CANTERBURY AND COASTAL CCG,E38000029,Q67,KENT AND MEDWAY AREA TEAM,Q81,E39000035,NHS ENGLAND SOUTH (SOUTH EAST),Y57,E40000004,SOUTH OF ENGLAND COMMISSIONING REGION,ENG,E92000001,ENGLAND
09F,"NHS EASTBOURNE, HAILSHAM AND SEAFORD CCG",E38000055,Q68,SURREY AND SUSSEX AREA TEAM,Q81,E39000035,NHS ENGLAND SOUTH (SOUTH EAST),Y57,E40000004,SOUTH OF ENGLAND COMMISSIONING REGION,ENG,E92000001,ENGLAND
09G,NHS COASTAL WEST SUSSEX CCG,E38000213,Q68,SURREY AND SUSSEX AREA TEAM,Q81,E39000035,NHS ENGLAND SOUTH (SOUTH EAST),Y57,E40000004,SOUTH OF ENGLAND COMMISSIONING REGION,ENG,E92000001,ENGLAND
09H,NHS CRAWLEY CCG,E38000039,Q68,SURREY AND SUSSEX AREA TEAM,Q81,E39000035,NHS ENGLAND SOUTH (SOUTH EAST),Y57,E40000004,SOUTH OF ENGLAND COMMISSIONING REGION,ENG,E92000001,ENGLAND
09J,"NHS DARTFORD, GRAVESHAM AND SWANLEY CCG",E38000043,Q67,KENT AND MEDWAY AREA TEAM,Q81,E39000035,NHS ENGLAND SOUTH (SOUTH EAST),Y57,E40000004,SOUTH OF ENGLAND COMMISSIONING REGION,ENG,E92000001,ENGLAND
09L,NHS EAST SURREY CCG,E38000054,Q68,SURREY AND SUSSEX AREA TEAM,Q81,E39000035,NHS ENGLAND SOUTH (SOUTH EAST),Y57,E40000004,SOUTH OF ENGLAND COMMISSIONING REGION,ENG,E92000001,ENGLAND
09N,NHS GUILDFORD AND WAVERLEY CCG,E38000214,Q68,SURREY AND SUSSEX AREA TEAM,Q81,E39000035,NHS ENGLAND SOUTH (SOUTH EAST),Y57,E40000004,SOUTH OF ENGLAND COMMISSIONING REGION,ENG,E92000001,ENGLAND
09P,NHS HASTINGS AND ROTHER CCG,E38000076,Q68,SURREY AND SUSSEX AREA TEAM,Q81,E39000035,NHS ENGLAND SOUTH (SOUTH EAST),Y57,E40000004,SOUTH OF ENGLAND COMMISSIONING REGION,ENG,E92000001,ENGLAND
09W,NHS MEDWAY CCG,E38000104,Q67,KENT AND MEDWAY AREA TEAM,Q81,E39000035,NHS ENGLAND SOUTH (SOUTH EAST),Y57,E40000004,SOUTH OF ENGLAND COMMISSIONING REGION,ENG,E92000001,ENGLAND
09X,NHS HORSHAM AND MID SUSSEX CCG,E38000083,Q68,SURREY AND SUSSEX AREA TEAM,Q81,E39000035,NHS ENGLAND SOUTH (SOUTH EAST),Y57,E40000004,SOUTH OF ENGLAND COMMISSIONING REGION,ENG,E92000001,ENGLAND
09Y,NHS NORTH WEST SURREY CCG,E38000128,Q68,SURREY AND SUSSEX AREA TEAM,Q81,E39000035,NHS ENGLAND SOUTH (SOUTH EAST),Y57,E40000004,SOUTH OF ENGLAND COMMISSIONING REGION,ENG,E92000001,ENGLAND
10A,NHS SOUTH KENT COAST CCG,E38000156,Q67,KENT AND MEDWAY AREA TEAM,Q81,E39000035,NHS ENGLAND SOUTH (SOUTH EAST),Y57,E40000004,SOUTH OF ENGLAND COMMISSIONING REGION,ENG,E92000001,ENGLAND
10C,NHS SURREY HEATH CCG,E38000178,Q68,SURREY AND SUSSEX AREA TEAM,Q81,E39000035,NHS ENGLAND SOUTH (SOUTH EAST),Y57,E40000004,SOUTH OF ENGLAND COMMISSIONING REGION,ENG,E92000001,ENGLAND
10D,NHS SWALE CCG,E38000180,Q67,KENT AND MEDWAY AREA TEAM,Q81,E39000035,NHS ENGLAND SOUTH (SOUTH EAST),Y57,E40000004,SOUTH OF ENGLAND COMMISSIONING REGION,ENG,E92000001,ENGLAND
10E,NHS THANET CCG,E38000184,Q67,KENT AND MEDWAY AREA TEAM,Q81,E39000035,NHS ENGLAND SOUTH (SOUTH EAST),Y57,E40000004,SOUTH OF ENGLAND COMMISSIONING REGION,ENG,E92000001,ENGLAND
10G,NHS BRACKNELL AND ASCOT CCG,E38000017,Q69,THAMES VALLEY AREA TEAM,Q82,E39000034,NHS ENGLAND SOUTH (SOUTH CENTRAL),Y57,E40000004,SOUTH OF ENGLAND COMMISSIONING REGION,ENG,E92000001,ENGLAND
10H,NHS CHILTERN CCG,E38000033,Q69,THAMES VALLEY AREA TEAM,Q82,E39000034,NHS ENGLAND SOUTH (SOUTH CENTRAL),Y57,E40000004,SOUTH OF ENGLAND COMMISSIONING REGION,ENG,E92000001,ENGLAND
10J,NHS NORTH HAMPSHIRE CCG,E38000120,Q70,WESSEX AREA TEAM,Q70,E39000025,NHS ENGLAND SOUTH (WESSEX),Y57,E40000004,SOUTH OF ENGLAND COMMISSIONING REGION,ENG,E92000001,ENGLAND
10K,NHS FAREHAM AND GOSPORT CCG,E38000059,Q70,WESSEX AREA TEAM,Q70,E39000025,NHS ENGLAND SOUTH (WESSEX),Y57,E40000004,SOUTH OF ENGLAND COMMISSIONING REGION,ENG,E92000001,ENGLAND
10L,NHS ISLE OF WIGHT CCG,E38000087,Q70,WESSEX AREA TEAM,Q70,E39000025,NHS ENGLAND SOUTH (WESSEX),Y57,E40000004,SOUTH OF ENGLAND COMMISSIONING REGION,ENG,E92000001,ENGLAND
10M,NHS NEWBURY AND DISTRICT CCG,E38000110,Q69,THAMES VALLEY AREA TEAM,Q82,E39000034,NHS ENGLAND SOUTH (SOUTH CENTRAL),Y57,E40000004,SOUTH OF ENGLAND COMMISSIONING REGION,ENG,E92000001,ENGLAND
10N,NHS NORTH & WEST READING CCG,E38000114,Q69,THAMES VALLEY AREA TEAM,Q82,E39000034,NHS ENGLAND SOUTH (SOUTH CENTRAL),Y57,E40000004,SOUTH OF ENGLAND COMMISSIONING REGION,ENG,E92000001,ENGLAND
10Q,NHS OXFORDSHIRE CCG,E38000136,Q69,THAMES VALLEY AREA TEAM,Q82,E39000034,NHS ENGLAND SOUTH (SOUTH CENTRAL),Y57,E40000004,SOUTH OF ENGLAND COMMISSIONING REGION,ENG,E92000001,ENGLAND
10R,NHS PORTSMOUTH CCG,E38000137,Q70,WESSEX AREA TEAM,Q70,E39000025,NHS ENGLAND SOUTH (WESSEX),Y57,E40000004,SOUTH OF ENGLAND COMMISSIONING REGION,ENG,E92000001,ENGLAND
10T,NHS SLOUGH CCG,E38000148,Q69,THAMES VALLEY AREA TEAM,Q82,E39000034,NHS ENGLAND SOUTH (SOUTH CENTRAL),Y57,E40000004,SOUTH OF ENGLAND COMMISSIONING REGION,ENG,E92000001,ENGLAND
10V,NHS SOUTH EASTERN HAMPSHIRE CCG,E38000154,Q70,WESSEX AREA TEAM,Q70,E39000025,NHS ENGLAND SOUTH (WESSEX),Y57,E40000004,SOUTH OF ENGLAND COMMISSIONING REGION,ENG,E92000001,ENGLAND
10W,NHS SOUTH READING CCG,E38000160,Q69,THAMES VALLEY AREA TEAM,Q82,E39000034,NHS ENGLAND SOUTH (SOUTH CENTRAL),Y57,E40000004,SOUTH OF ENGLAND COMMISSIONING REGION,ENG,E92000001,ENGLAND
10X,NHS SOUTHAMPTON CCG,E38000167,Q70,WESSEX AREA TEAM,Q70,E39000025,NHS ENGLAND SOUTH (WESSEX),Y57,E40000004,SOUTH OF ENGLAND COMMISSIONING REGION,ENG,E92000001,ENGLAND
10Y,NHS AYLESBURY VALE CCG,E38000003,Q69,THAMES VALLEY AREA TEAM,Q82,E39000034,NHS ENGLAND SOUTH (SOUTH CENTRAL),Y57,E40000004,SOUTH OF ENGLAND COMMISSIONING REGION,ENG,E92000001,ENGLAND
11A,NHS WEST HAMPSHIRE CCG,E38000198,Q70,WESSEX AREA TEAM,Q70,E39000025,NHS ENGLAND SOUTH (WESSEX),Y57,E40000004,SOUTH OF ENGLAND COMMISSIONING REGION,ENG,E92000001,ENGLAND
11C,"NHS WINDSOR, ASCOT AND MAIDENHEAD CCG",E38000207,Q69,THAMES VALLEY AREA TEAM,Q82,E39000034,NHS ENGLAND SOUTH (SOUTH CENTRAL),Y57,E40000004,SOUTH OF ENGLAND COMMISSIONING REGION,ENG,E92000001,ENGLAND
11D,NHS WOKINGHAM CCG,E38000209,Q69,THAMES VALLEY AREA TEAM,Q82,E39000034,NHS ENGLAND SOUTH (SOUTH CENTRAL),Y57,E40000004,SOUTH OF ENGLAND COMMISSIONING REGION,ENG,E92000001,ENGLAND
11E,NHS BATH AND NORTH EAST SOMERSET CCG,E38000009,Q64,"BATH, GLOUCESTERSHIRE, SWINDON AND WILTSHIRE AREA TEAM",Q82,E39000034,NHS ENGLAND SOUTH (SOUTH CENTRAL),Y57,E40000004,SOUTH OF ENGLAND COMMISSIONING REGION,ENG,E92000001,ENGLAND
11H,NHS BRISTOL CCG,E38000022,Q65,"BRISTOL, NORTH SOMERSET, SOMERSET AND SOUTH GLOUCESTERSHIRE AREA TEAM",Q80,E39000036,NHS ENGLAND SOUTH (SOUTH WEST),Y57,E40000004,SOUTH OF ENGLAND COMMISSIONING REGION,ENG,E92000001,ENGLAND
11J,NHS DORSET CCG,E38000045,Q70,WESSEX AREA TEAM,Q70,E39000025,NHS ENGLAND SOUTH (WESSEX),Y57,E40000004,SOUTH OF ENGLAND COMMISSIONING REGION,ENG,E92000001,ENGLAND
11M,NHS GLOUCESTERSHIRE CCG,E38000062,Q64,"BATH, GLOUCESTERSHIRE, SWINDON AND WILTSHIRE AREA TEAM",Q82,E39000034,NHS ENGLAND SOUTH (SOUTH CENTRAL),Y57,E40000004,SOUTH OF ENGLAND COMMISSIONING REGION,ENG,E92000001,ENGLAND
11N,NHS KERNOW CCG,E38000089,Q66,"DEVON, CORNWALL AND ISLES OF SCILLY AREA TEAM",Q80,E39000036,NHS ENGLAND SOUTH (SOUTH WEST),Y57,E40000004,SOUTH OF ENGLAND COMMISSIONING REGION,ENG,E92000001,ENGLAND
11T,NHS NORTH SOMERSET CCG,E38000125,Q65,"BRISTOL, NORTH SOMERSET, SOMERSET AND SOUTH GLOUCESTERSHIRE AREA TEAM",Q80,E39000036,NHS ENGLAND SOUTH (SOUTH WEST),Y57,E40000004,SOUTH OF ENGLAND COMMISSIONING REGION,ENG,E92000001,ENGLAND
11X,NHS SOMERSET CCG,E38000150,Q65,"BRISTOL, NORTH SOMERSET, SOMERSET AND SOUTH GLOUCESTERSHIRE AREA TEAM",Q80,E39000036,NHS ENGLAND SOUTH (SOUTH WEST),Y57,E40000004,SOUTH OF ENGLAND COMMISSIONING REGION,ENG,E92000001,ENGLAND
12A,NHS SOUTH GLOUCESTERSHIRE CCG,E38000155,Q65,"BRISTOL, NORTH SOMERSET, SOMERSET AND SOUTH GLOUCESTERSHIRE AREA TEAM",Q80,E39000036,NHS ENGLAND SOUTH (SOUTH WEST),Y57,E40000004,SOUTH OF ENGLAND COMMISSIONING REGION,ENG,E92000001,ENGLAND
12D,NHS SWINDON CCG,E38000181,Q64,"BATH, GLOUCESTERSHIRE, SWINDON AND WILTSHIRE AREA TEAM",Q82,E39000034,NHS ENGLAND SOUTH (SOUTH CENTRAL),Y57,E40000004,SOUTH OF ENGLAND COMMISSIONING REGION,ENG,E92000001,ENGLAND
12F,NHS WIRRAL CCG,E38000208,Q44,"CHESHIRE, WARRINGTON AND WIRRAL AREA TEAM",Q75,E39000026,NHS ENGLAND NORTH (CHESHIRE AND MERSEYSIDE),Y54,E40000001,NORTH OF ENGLAND COMMISSIONING REGION,ENG,E92000001,ENGLAND
13P,NHS BIRMINGHAM CROSSCITY CCG,E38000012,Q54,BIRMINGHAM AND THE BLACK COUNTRY AREA TEAM,Q77,E39000033,NHS ENGLAND MIDLANDS AND EAST (WEST MIDLANDS),Y55,E40000002,MIDLANDS AND EAST OF ENGLAND COMMISSIONING REGION,ENG,E92000001,ENGLAND
13T,NHS NEWCASTLE GATESHEAD CCG,E38000212,Q49,"CUMBRIA, NORTHUMBERLAND, TYNE AND WEAR AREA TEAM",Q74,E39000027,NHS ENGLAND NORTH (CUMBRIA AND NORTH EAST),Y54,E40000001,NORTH OF ENGLAND COMMISSIONING REGION,ENG,E92000001,ENGLAND
99A,NHS LIVERPOOL CCG,E38000101,Q48,MERSEYSIDE AREA TEAM,Q75,E39000026,NHS ENGLAND NORTH (CHESHIRE AND MERSEYSIDE),Y54,E40000001,NORTH OF ENGLAND COMMISSIONING REGION,ENG,E92000001,ENGLAND
99C,NHS NORTH TYNESIDE CCG,E38000127,Q49,"CUMBRIA, NORTHUMBERLAND, TYNE AND WEAR AREA TEAM",Q74,E39000027,NHS ENGLAND NORTH (CUMBRIA AND NORTH EAST),Y54,E40000001,NORTH OF ENGLAND COMMISSIONING REGION,ENG,E92000001,ENGLAND
99D,NHS SOUTH LINCOLNSHIRE CCG,E38000157,Q59,LEICESTERSHIRE AND LINCOLNSHIRE AREA TEAM,Q78,E39000030,NHS ENGLAND MIDLANDS AND EAST (CENTRAL MIDLANDS),Y55,E40000002,MIDLANDS AND EAST OF ENGLAND COMMISSIONING REGION,ENG,E92000001,ENGLAND
99E,NHS BASILDON AND BRENTWOOD CCG,E38000007,Q57,ESSEX AREA TEAM,Q79,E39000031,NHS ENGLAND MIDLANDS AND EAST (EAST),Y55,E40000002,MIDLANDS AND EAST OF ENGLAND COMMISSIONING REGION,ENG,E92000001,ENGLAND
99F,NHS CASTLE POINT AND ROCHFORD CCG,E38000030,Q57,ESSEX AREA TEAM,Q79,E39000031,NHS ENGLAND MIDLANDS AND EAST (EAST),Y55,E40000002,MIDLANDS AND EAST OF ENGLAND COMMISSIONING REGION,ENG,E92000001,ENGLAND
99G,NHS SOUTHEND CCG,E38000168,Q57,ESSEX AREA TEAM,Q79,E39000031,NHS ENGLAND MIDLANDS AND EAST (EAST),Y55,E40000002,MIDLANDS AND EAST OF ENGLAND COMMISSIONING REGION,ENG,E92000001,ENGLAND
99H,NHS SURREY DOWNS CCG,E38000177,Q68,SURREY AND SUSSEX AREA TEAM,Q81,E39000035,NHS ENGLAND SOUTH (SOUTH EAST),Y57,E40000004,SOUTH OF ENGLAND COMMISSIONING REGION,ENG,E92000001,ENGLAND
99J,NHS WEST KENT CCG,E38000199,Q67,KENT AND MEDWAY AREA TEAM,Q81,E39000035,NHS ENGLAND SOUTH (SOUTH EAST),Y57,E40000004,SOUTH OF ENGLAND COMMISSIONING REGION,ENG,E92000001,ENGLAND
99K,NHS HIGH WEALD LEWES HAVENS CCG,E38000081,Q68,SURREY AND SUSSEX AREA TEAM,Q81,E39000035,NHS ENGLAND SOUTH (SOUTH EAST),Y57,E40000004,SOUTH OF ENGLAND COMMISSIONING REGION,ENG,E92000001,ENGLAND
99M,NHS NORTH EAST HAMPSHIRE AND FARNHAM CCG,E38000118,Q70,WESSEX AREA TEAM,Q70,E39000025,NHS ENGLAND SOUTH (WESSEX),Y57,E40000004,SOUTH OF ENGLAND COMMISSIONING REGION,ENG,E92000001,ENGLAND
99N,NHS WILTSHIRE CCG,E38000206,Q64,"BATH, GLOUCESTERSHIRE, SWINDON AND WILTSHIRE AREA TEAM",Q82,E39000034,NHS ENGLAND SOUTH (SOUTH CENTRAL),Y57,E40000004,SOUTH OF ENGLAND COMMISSIONING REGION,ENG,E92000001,ENGLAND
99P,"NHS NORTHERN, EASTERN AND WESTERN DEVON CCG",E38000129,Q66,"DEVON, CORNWALL AND ISLES OF SCILLY AREA TEAM",Q80,E39000036,NHS ENGLAND SOUTH (SOUTH WEST),Y57,E40000004,SOUTH OF ENGLAND COMMISSIONING REGION,ENG,E92000001,ENGLAND
99Q,NHS SOUTH DEVON AND TORBAY CCG,E38000152,Q66,"DEVON, CORNWALL AND ISLES OF SCILLY AREA TEAM",Q80,E39000036,NHS ENGLAND SOUTH (SOUTH WEST),Y57,E40000004,SOUTH OF ENGLAND COMMISSIONING REGION,ENG,E92000001,ENGLAND
