AREA_TEAM_CODE,DOMAIN_CODE,AT_POINTS
Q44,Clinical,71200.51
Q44,PH,20428.38
Q45,Clinical,70490.6
Q45,PH,20324.37
Q46,Clinical,200796.13
Q46,PH,57671.4
Q47,Clinical,95283.26
Q47,PH,27037.33
Q48,Clinical,93257.74
Q48,PH,26580.89
Q49,Clinical,124729.36
Q49,PH,35598.93
Q50,Clinical,95273.22
Q50,PH,27615.56
Q51,Clinical,87364.32
Q51,PH,25277.81
Q52,Clinical,134324.06
Q52,PH,39127.43
Q53,Clinical,94080.02
Q53,PH,27030.34
Q54,Clinical,182020.66
Q54,PH,52774.85
Q55,Clinical,109872.17
Q55,PH,31377.78
Q56,Clinical,118633.31
Q56,PH,34180.72
Q57,Clinical,104910.26
Q57,PH,31166.46
Q58,Clinical,130219.39
Q58,PH,37833.66
Q59,Clinical,99274.3
Q59,PH,28970.83
Q60,Clinical,99171.52
Q60,PH,28565.82
Q64,Clinical,81331.18
Q64,PH,23165.11
Q65,Clinical,69619.79
Q65,PH,19909.66
Q66,Clinical,93555.22
Q66,PH,26893.93
Q67,Clinical,104814.68
Q67,PH,30254.88
Q68,Clinical,137863.99
Q68,PH,39414.24
Q69,Clinical,98846.23
Q69,PH,28317.49
Q70,Clinical,132631.81
Q70,PH,38094.94
Q71a,Clinical,222782.09
Q71a,PH,65102.27
Q71b,Clinical,159592.53
Q71b,PH,46637.39
Q71c,Clinical,184495.87
Q71c,PH,53849.19
