AREA_TEAM_CODE,AREA_TEAM_NAME,INDICATOR_GROUP_CODE,ACHIEVED_POINTS,AVAILABLE_POINTS,ACHIEVEMENT_RATE
Q44,"CHESHIRE, WARRINGTON AND WIRRAL AREA TEAM",AF,2873.2,2890,99.418685121
Q44,"CHESHIRE, WARRINGTON AND WIRRAL AREA TEAM",AST,7467.22,7650,97.610718954
Q44,"CHESHIRE, WARRINGTON AND WIRRAL AREA TEAM",BP,2510.95,2550,98.468627451
Q44,"CHESHIRE, WARRINGTON AND WIRRAL AREA TEAM",CAN,1835.4,1870,98.14973262
Q44,"CHESHIRE, WARRINGTON AND WIRRAL AREA TEAM",CHD,7370.49,7650,96.34627451
Q44,"CHESHIRE, WARRINGTON AND WIRRAL AREA TEAM",CKD,5250.29,5440,96.512683824
Q44,"CHESHIRE, WARRINGTON AND WIRRAL AREA TEAM",CON,1153.26,1190,96.912605042
Q44,"CHESHIRE, WARRINGTON AND WIRRAL AREA TEAM",COPD,5818.56,5950,97.79092437
Q44,"CHESHIRE, WARRINGTON AND WIRRAL AREA TEAM",CS,3374.5,3400,99.25
Q44,"CHESHIRE, WARRINGTON AND WIRRAL AREA TEAM",CVDPP,1580.33,1700,92.960588235
Q44,"CHESHIRE, WARRINGTON AND WIRRAL AREA TEAM",DEM,4279.68,4420,96.825339367
Q44,"CHESHIRE, WARRINGTON AND WIRRAL AREA TEAM",DEP,1613.97,1700,94.939411765
Q44,"CHESHIRE, WARRINGTON AND WIRRAL AREA TEAM",DM,13590.31,14620,92.956976744
Q44,"CHESHIRE, WARRINGTON AND WIRRAL AREA TEAM",EP,170,170,100
Q44,"CHESHIRE, WARRINGTON AND WIRRAL AREA TEAM",HF,4855.23,4930,98.48336714
Q44,"CHESHIRE, WARRINGTON AND WIRRAL AREA TEAM",HYP,4349.01,4420,98.393891403
Q44,"CHESHIRE, WARRINGTON AND WIRRAL AREA TEAM",LD,680,680,100
Q44,"CHESHIRE, WARRINGTON AND WIRRAL AREA TEAM",MH,4230.22,4420,95.706334842
Q44,"CHESHIRE, WARRINGTON AND WIRRAL AREA TEAM",OB,1360,1360,100
Q44,"CHESHIRE, WARRINGTON AND WIRRAL AREA TEAM",OST,1329,1530,86.862745098
Q44,"CHESHIRE, WARRINGTON AND WIRRAL AREA TEAM",PAD,993.08,1020,97.360784314
Q44,"CHESHIRE, WARRINGTON AND WIRRAL AREA TEAM",PC,1017,1020,99.705882353
Q44,"CHESHIRE, WARRINGTON AND WIRRAL AREA TEAM",RA,986.12,1020,96.678431373
Q44,"CHESHIRE, WARRINGTON AND WIRRAL AREA TEAM",SMOK,10449.34,10880,96.041727941
Q44,"CHESHIRE, WARRINGTON AND WIRRAL AREA TEAM",STIA,2491.73,2550,97.714901961
Q45,"DURHAM, DARLINGTON AND TEES AREA TEAM",AF,2787.49,2873,97.023668639
Q45,"DURHAM, DARLINGTON AND TEES AREA TEAM",AST,7423.37,7605,97.611702827
Q45,"DURHAM, DARLINGTON AND TEES AREA TEAM",BP,2522.12,2535,99.491913215
Q45,"DURHAM, DARLINGTON AND TEES AREA TEAM",CAN,1831.85,1859,98.539537386
Q45,"DURHAM, DARLINGTON AND TEES AREA TEAM",CHD,7360.86,7605,96.78974359
Q45,"DURHAM, DARLINGTON AND TEES AREA TEAM",CKD,5199.29,5408,96.140717456
Q45,"DURHAM, DARLINGTON AND TEES AREA TEAM",CON,1144.06,1183,96.708368555
Q45,"DURHAM, DARLINGTON AND TEES AREA TEAM",COPD,5746.27,5915,97.147421809
Q45,"DURHAM, DARLINGTON AND TEES AREA TEAM",CS,3352.52,3380,99.186982249
Q45,"DURHAM, DARLINGTON AND TEES AREA TEAM",CVDPP,1479.58,1690,87.549112426
Q45,"DURHAM, DARLINGTON AND TEES AREA TEAM",DEM,4151.85,4394,94.489076013
Q45,"DURHAM, DARLINGTON AND TEES AREA TEAM",DEP,1606.5,1690,95.059171598
Q45,"DURHAM, DARLINGTON AND TEES AREA TEAM",DM,13476.83,14534,92.726228155
Q45,"DURHAM, DARLINGTON AND TEES AREA TEAM",EP,168,169,99.408284024
Q45,"DURHAM, DARLINGTON AND TEES AREA TEAM",HF,4799.99,4901,97.938992042
Q45,"DURHAM, DARLINGTON AND TEES AREA TEAM",HYP,4354.31,4394,99.096722804
Q45,"DURHAM, DARLINGTON AND TEES AREA TEAM",LD,672,676,99.408284024
Q45,"DURHAM, DARLINGTON AND TEES AREA TEAM",MH,4171.39,4394,94.933773327
Q45,"DURHAM, DARLINGTON AND TEES AREA TEAM",OB,1352,1352,100
Q45,"DURHAM, DARLINGTON AND TEES AREA TEAM",OST,1313,1521,86.324786325
Q45,"DURHAM, DARLINGTON AND TEES AREA TEAM",PAD,986.88,1014,97.325443787
Q45,"DURHAM, DARLINGTON AND TEES AREA TEAM",PC,1005,1014,99.112426036
Q45,"DURHAM, DARLINGTON AND TEES AREA TEAM",RA,981.58,1014,96.802761341
Q45,"DURHAM, DARLINGTON AND TEES AREA TEAM",SMOK,10474.09,10816,96.838849852
Q45,"DURHAM, DARLINGTON AND TEES AREA TEAM",STIA,2454.14,2535,96.81025641
Q46,GREATER MANCHESTER AREA TEAM,AF,8219.31,8330,98.671188475
Q46,GREATER MANCHESTER AREA TEAM,AST,21462.14,22050,97.333968254
Q46,GREATER MANCHESTER AREA TEAM,BP,7192.05,7350,97.851020408
Q46,GREATER MANCHESTER AREA TEAM,CAN,5279.81,5390,97.955658627
Q46,GREATER MANCHESTER AREA TEAM,CHD,20959.45,22050,95.054195011
Q46,GREATER MANCHESTER AREA TEAM,CKD,15065.55,15680,96.081313776
Q46,GREATER MANCHESTER AREA TEAM,CON,3289.21,3430,95.895335277
Q46,GREATER MANCHESTER AREA TEAM,COPD,16412.68,17150,95.700758017
Q46,GREATER MANCHESTER AREA TEAM,CS,9477.26,9800,96.706734694
Q46,GREATER MANCHESTER AREA TEAM,CVDPP,4366.95,4900,89.121428571
Q46,GREATER MANCHESTER AREA TEAM,DEM,12112.39,12740,95.073704867
Q46,GREATER MANCHESTER AREA TEAM,DEP,4514.2,4900,92.126530612
Q46,GREATER MANCHESTER AREA TEAM,DM,37172.41,42140,88.211699098
Q46,GREATER MANCHESTER AREA TEAM,EP,490,490,100
Q46,GREATER MANCHESTER AREA TEAM,HF,13961.54,14210,98.251513019
Q46,GREATER MANCHESTER AREA TEAM,HYP,12468.39,12740,97.868053375
Q46,GREATER MANCHESTER AREA TEAM,LD,1952,1960,99.591836735
Q46,GREATER MANCHESTER AREA TEAM,MH,11801.55,12740,92.633830455
Q46,GREATER MANCHESTER AREA TEAM,OB,3920,3920,100
Q46,GREATER MANCHESTER AREA TEAM,OST,3285.33,4410,74.497278912
Q46,GREATER MANCHESTER AREA TEAM,PAD,2837.93,2940,96.528231293
Q46,GREATER MANCHESTER AREA TEAM,PC,2871,2940,97.653061224
Q46,GREATER MANCHESTER AREA TEAM,RA,2820.26,2940,95.927210884
Q46,GREATER MANCHESTER AREA TEAM,SMOK,29425.93,31360,93.832684949
Q46,GREATER MANCHESTER AREA TEAM,STIA,7110.19,7350,96.737278912
Q47,LANCASHIRE AREA TEAM,AF,3835.68,3876,98.959752322
Q47,LANCASHIRE AREA TEAM,AST,10091.3,10260,98.355750487
Q47,LANCASHIRE AREA TEAM,BP,3379.71,3420,98.821929825
Q47,LANCASHIRE AREA TEAM,CAN,2478.45,2508,98.821770335
Q47,LANCASHIRE AREA TEAM,CHD,9910.33,10260,96.591910331
Q47,LANCASHIRE AREA TEAM,CKD,7041.51,7296,96.511924342
Q47,LANCASHIRE AREA TEAM,CON,1536.34,1596,96.261904762
Q47,LANCASHIRE AREA TEAM,COPD,7800.81,7980,97.754511278
Q47,LANCASHIRE AREA TEAM,CS,4463.77,4560,97.889692982
Q47,LANCASHIRE AREA TEAM,CVDPP,1965.03,2280,86.185526316
Q47,LANCASHIRE AREA TEAM,DEM,5752.48,5928,97.039136302
Q47,LANCASHIRE AREA TEAM,DEP,2168.72,2280,95.119298246
Q47,LANCASHIRE AREA TEAM,DM,18075.85,19608,92.186097511
Q47,LANCASHIRE AREA TEAM,EP,228,228,100
Q47,LANCASHIRE AREA TEAM,HF,6535.68,6612,98.845735027
Q47,LANCASHIRE AREA TEAM,HYP,5846.89,5928,98.631747638
Q47,LANCASHIRE AREA TEAM,LD,912,912,100
Q47,LANCASHIRE AREA TEAM,MH,5569.29,5928,93.94888664
Q47,LANCASHIRE AREA TEAM,OB,1824,1824,100
Q47,LANCASHIRE AREA TEAM,OST,1683.71,2052,82.05214425
Q47,LANCASHIRE AREA TEAM,PAD,1334.27,1368,97.534356725
Q47,LANCASHIRE AREA TEAM,PC,1338,1368,97.807017544
Q47,LANCASHIRE AREA TEAM,RA,1329.09,1368,97.155701754
Q47,LANCASHIRE AREA TEAM,SMOK,13868.48,14592,95.041666667
Q47,LANCASHIRE AREA TEAM,STIA,3351.2,3420,97.988304094
Q48,MERSEYSIDE AREA TEAM,AF,3752.98,3791,98.997098391
Q48,MERSEYSIDE AREA TEAM,AST,9796.99,10035,97.628201295
Q48,MERSEYSIDE AREA TEAM,BP,3325.11,3345,99.405381166
Q48,MERSEYSIDE AREA TEAM,CAN,2437.29,2453,99.359559723
Q48,MERSEYSIDE AREA TEAM,CHD,9648.4,10035,96.147483807
Q48,MERSEYSIDE AREA TEAM,CKD,6896.91,7136,96.649523543
Q48,MERSEYSIDE AREA TEAM,CON,1497.32,1561,95.920563741
Q48,MERSEYSIDE AREA TEAM,COPD,7484.73,7805,95.896604741
Q48,MERSEYSIDE AREA TEAM,CS,4313.67,4460,96.719058296
Q48,MERSEYSIDE AREA TEAM,CVDPP,1962.46,2230,88.002690583
Q48,MERSEYSIDE AREA TEAM,DEM,5516.37,5798,95.142635392
Q48,MERSEYSIDE AREA TEAM,DEP,2096.7,2230,94.022421525
Q48,MERSEYSIDE AREA TEAM,DM,18081.05,19178,94.280164772
Q48,MERSEYSIDE AREA TEAM,EP,223,223,100
Q48,MERSEYSIDE AREA TEAM,HF,6415.76,6467,99.207669708
Q48,MERSEYSIDE AREA TEAM,HYP,5726.54,5798,98.767506037
Q48,MERSEYSIDE AREA TEAM,LD,892,892,100
Q48,MERSEYSIDE AREA TEAM,MH,5442.23,5798,93.863918593
Q48,MERSEYSIDE AREA TEAM,OB,1784,1784,100
Q48,MERSEYSIDE AREA TEAM,OST,1673,2007,83.358246139
Q48,MERSEYSIDE AREA TEAM,PAD,1305.13,1338,97.543348281
Q48,MERSEYSIDE AREA TEAM,PC,1326,1338,99.103139013
Q48,MERSEYSIDE AREA TEAM,RA,1295.92,1338,96.855007474
Q48,MERSEYSIDE AREA TEAM,SMOK,13698.33,14272,95.980451233
Q48,MERSEYSIDE AREA TEAM,STIA,3246.74,3345,97.062481315
Q49,"CUMBRIA, NORTHUMBERLAND, TYNE AND WEAR AREA TEAM",AF,5017.47,5066,99.042045006
Q49,"CUMBRIA, NORTHUMBERLAND, TYNE AND WEAR AREA TEAM",AST,13117.07,13410,97.815585384
Q49,"CUMBRIA, NORTHUMBERLAND, TYNE AND WEAR AREA TEAM",BP,4394.27,4470,98.305816555
Q49,"CUMBRIA, NORTHUMBERLAND, TYNE AND WEAR AREA TEAM",CAN,3240.05,3278,98.842281879
Q49,"CUMBRIA, NORTHUMBERLAND, TYNE AND WEAR AREA TEAM",CHD,12956.52,13410,96.618344519
Q49,"CUMBRIA, NORTHUMBERLAND, TYNE AND WEAR AREA TEAM",CKD,9193.09,9536,96.404047819
Q49,"CUMBRIA, NORTHUMBERLAND, TYNE AND WEAR AREA TEAM",CON,2011.2,2086,96.414189837
Q49,"CUMBRIA, NORTHUMBERLAND, TYNE AND WEAR AREA TEAM",COPD,10128.19,10430,97.1063279
Q49,"CUMBRIA, NORTHUMBERLAND, TYNE AND WEAR AREA TEAM",CS,5892.9,5960,98.874161074
Q49,"CUMBRIA, NORTHUMBERLAND, TYNE AND WEAR AREA TEAM",CVDPP,2703.83,2980,90.732550336
Q49,"CUMBRIA, NORTHUMBERLAND, TYNE AND WEAR AREA TEAM",DEM,7451.41,7748,96.172044399
Q49,"CUMBRIA, NORTHUMBERLAND, TYNE AND WEAR AREA TEAM",DEP,2831.08,2980,95.002684564
Q49,"CUMBRIA, NORTHUMBERLAND, TYNE AND WEAR AREA TEAM",DM,23845.6,25628,93.045106914
Q49,"CUMBRIA, NORTHUMBERLAND, TYNE AND WEAR AREA TEAM",EP,298,298,100
Q49,"CUMBRIA, NORTHUMBERLAND, TYNE AND WEAR AREA TEAM",HF,8554.33,8642,98.985535756
Q49,"CUMBRIA, NORTHUMBERLAND, TYNE AND WEAR AREA TEAM",HYP,7647.46,7748,98.702374806
Q49,"CUMBRIA, NORTHUMBERLAND, TYNE AND WEAR AREA TEAM",LD,1192,1192,100
Q49,"CUMBRIA, NORTHUMBERLAND, TYNE AND WEAR AREA TEAM",MH,7297.31,7748,94.183144037
Q49,"CUMBRIA, NORTHUMBERLAND, TYNE AND WEAR AREA TEAM",OB,2384,2384,100
Q49,"CUMBRIA, NORTHUMBERLAND, TYNE AND WEAR AREA TEAM",OST,2326.71,2682,86.752796421
Q49,"CUMBRIA, NORTHUMBERLAND, TYNE AND WEAR AREA TEAM",PAD,1751.1,1788,97.936241611
Q49,"CUMBRIA, NORTHUMBERLAND, TYNE AND WEAR AREA TEAM",PC,1782,1788,99.66442953
Q49,"CUMBRIA, NORTHUMBERLAND, TYNE AND WEAR AREA TEAM",RA,1724.05,1788,96.423378076
Q49,"CUMBRIA, NORTHUMBERLAND, TYNE AND WEAR AREA TEAM",SMOK,18212.73,19072,95.494599413
Q49,"CUMBRIA, NORTHUMBERLAND, TYNE AND WEAR AREA TEAM",STIA,4375.92,4470,97.895302013
Q50,NORTH YORKSHIRE AND HUMBER AREA TEAM,AF,3861.24,3893,99.184176727
Q50,NORTH YORKSHIRE AND HUMBER AREA TEAM,AST,10145.84,10305,98.455507035
Q50,NORTH YORKSHIRE AND HUMBER AREA TEAM,BP,3394.43,3435,98.818922853
Q50,NORTH YORKSHIRE AND HUMBER AREA TEAM,CAN,2487.63,2519,98.754664549
Q50,NORTH YORKSHIRE AND HUMBER AREA TEAM,CHD,9830.32,10305,95.393692382
Q50,NORTH YORKSHIRE AND HUMBER AREA TEAM,CKD,7052.5,7328,96.240447598
Q50,NORTH YORKSHIRE AND HUMBER AREA TEAM,CON,1549.43,1603,96.658140986
Q50,NORTH YORKSHIRE AND HUMBER AREA TEAM,COPD,7804,8015,97.367436057
Q50,NORTH YORKSHIRE AND HUMBER AREA TEAM,CS,4541.33,4580,99.155676856
Q50,NORTH YORKSHIRE AND HUMBER AREA TEAM,CVDPP,2066.91,2290,90.258078603
Q50,NORTH YORKSHIRE AND HUMBER AREA TEAM,DEM,5713.02,5954,95.952636883
Q50,NORTH YORKSHIRE AND HUMBER AREA TEAM,DEP,2158.01,2290,94.236244541
Q50,NORTH YORKSHIRE AND HUMBER AREA TEAM,DM,17990.38,19694,91.349548086
Q50,NORTH YORKSHIRE AND HUMBER AREA TEAM,EP,228,229,99.563318777
Q50,NORTH YORKSHIRE AND HUMBER AREA TEAM,HF,6540.48,6641,98.486372534
Q50,NORTH YORKSHIRE AND HUMBER AREA TEAM,HYP,5884.67,5954,98.835572724
Q50,NORTH YORKSHIRE AND HUMBER AREA TEAM,LD,916,916,100
Q50,NORTH YORKSHIRE AND HUMBER AREA TEAM,MH,5609.14,5954,94.207927444
Q50,NORTH YORKSHIRE AND HUMBER AREA TEAM,OB,1832,1832,100
Q50,NORTH YORKSHIRE AND HUMBER AREA TEAM,OST,1694,2061,82.193110141
Q50,NORTH YORKSHIRE AND HUMBER AREA TEAM,PAD,1344.97,1374,97.887190684
Q50,NORTH YORKSHIRE AND HUMBER AREA TEAM,PC,1341,1374,97.598253275
Q50,NORTH YORKSHIRE AND HUMBER AREA TEAM,RA,1338.51,1374,97.417030568
Q50,NORTH YORKSHIRE AND HUMBER AREA TEAM,SMOK,14231.46,14656,97.103302402
Q50,NORTH YORKSHIRE AND HUMBER AREA TEAM,STIA,3333.51,3435,97.045414847
Q51,SOUTH YORKSHIRE AND BASSETLAW AREA TEAM,AF,3608.9,3638,99.200109951
Q51,SOUTH YORKSHIRE AND BASSETLAW AREA TEAM,AST,9295.74,9630,96.528971963
Q51,SOUTH YORKSHIRE AND BASSETLAW AREA TEAM,BP,3165.92,3210,98.626791277
Q51,SOUTH YORKSHIRE AND BASSETLAW AREA TEAM,CAN,2266.79,2354,96.295242141
Q51,SOUTH YORKSHIRE AND BASSETLAW AREA TEAM,CHD,9103.06,9630,94.528141225
Q51,SOUTH YORKSHIRE AND BASSETLAW AREA TEAM,CKD,6424.01,6848,93.808557243
Q51,SOUTH YORKSHIRE AND BASSETLAW AREA TEAM,CON,1441.93,1498,96.257009346
Q51,SOUTH YORKSHIRE AND BASSETLAW AREA TEAM,COPD,7115.28,7490,94.99706275
Q51,SOUTH YORKSHIRE AND BASSETLAW AREA TEAM,CS,4242.98,4280,99.135046729
Q51,SOUTH YORKSHIRE AND BASSETLAW AREA TEAM,CVDPP,1867.85,2140,87.28271028
Q51,SOUTH YORKSHIRE AND BASSETLAW AREA TEAM,DEM,5151.05,5564,92.578181165
Q51,SOUTH YORKSHIRE AND BASSETLAW AREA TEAM,DEP,1907.41,2140,89.131308411
Q51,SOUTH YORKSHIRE AND BASSETLAW AREA TEAM,DM,16481.84,18404,89.55574875
Q51,SOUTH YORKSHIRE AND BASSETLAW AREA TEAM,EP,214,214,100
Q51,SOUTH YORKSHIRE AND BASSETLAW AREA TEAM,HF,6032.4,6206,97.202707058
Q51,SOUTH YORKSHIRE AND BASSETLAW AREA TEAM,HYP,5472.04,5564,98.347232207
Q51,SOUTH YORKSHIRE AND BASSETLAW AREA TEAM,LD,856,856,100
Q51,SOUTH YORKSHIRE AND BASSETLAW AREA TEAM,MH,5120.64,5564,92.031631919
Q51,SOUTH YORKSHIRE AND BASSETLAW AREA TEAM,OB,1712,1712,100
Q51,SOUTH YORKSHIRE AND BASSETLAW AREA TEAM,OST,1530,1926,79.439252336
Q51,SOUTH YORKSHIRE AND BASSETLAW AREA TEAM,PAD,1239.02,1284,96.496884735
Q51,SOUTH YORKSHIRE AND BASSETLAW AREA TEAM,PC,1257,1284,97.897196262
Q51,SOUTH YORKSHIRE AND BASSETLAW AREA TEAM,RA,1205.34,1284,93.873831776
Q51,SOUTH YORKSHIRE AND BASSETLAW AREA TEAM,SMOK,12847.13,13696,93.802058995
Q51,SOUTH YORKSHIRE AND BASSETLAW AREA TEAM,STIA,3083.8,3210,96.068535826
Q52,WEST YORKSHIRE AREA TEAM,AF,5408.79,5542,97.596355106
Q52,WEST YORKSHIRE AREA TEAM,AST,14506.82,14670,98.887661895
Q52,WEST YORKSHIRE AREA TEAM,BP,4837.7,4890,98.930470348
Q52,WEST YORKSHIRE AREA TEAM,CAN,3546.72,3586,98.904629113
Q52,WEST YORKSHIRE AREA TEAM,CHD,14007.4,14670,95.48329925
Q52,WEST YORKSHIRE AREA TEAM,CKD,9926,10432,95.149539877
Q52,WEST YORKSHIRE AREA TEAM,CON,2222.74,2282,97.403155127
Q52,WEST YORKSHIRE AREA TEAM,COPD,11022,11410,96.599474145
Q52,WEST YORKSHIRE AREA TEAM,CS,6387.83,6520,97.972852761
Q52,WEST YORKSHIRE AREA TEAM,CVDPP,2975.61,3260,91.276380368
Q52,WEST YORKSHIRE AREA TEAM,DEM,7903.6,8476,93.246814535
Q52,WEST YORKSHIRE AREA TEAM,DEP,3076.27,3260,94.364110429
Q52,WEST YORKSHIRE AREA TEAM,DM,24898.21,28036,88.807996861
Q52,WEST YORKSHIRE AREA TEAM,EP,326,326,100
Q52,WEST YORKSHIRE AREA TEAM,HF,9297.67,9454,98.346414216
Q52,WEST YORKSHIRE AREA TEAM,HYP,8340.67,8476,98.403374233
Q52,WEST YORKSHIRE AREA TEAM,LD,1304,1304,100
Q52,WEST YORKSHIRE AREA TEAM,MH,7931.23,8476,93.572793771
Q52,WEST YORKSHIRE AREA TEAM,OB,2608,2608,100
Q52,WEST YORKSHIRE AREA TEAM,OST,2375,2934,80.947511929
Q52,WEST YORKSHIRE AREA TEAM,PAD,1894.34,1956,96.847648262
Q52,WEST YORKSHIRE AREA TEAM,PC,1932,1956,98.773006135
Q52,WEST YORKSHIRE AREA TEAM,RA,1878.14,1956,96.019427403
Q52,WEST YORKSHIRE AREA TEAM,SMOK,20095.55,20864,96.31686158
Q52,WEST YORKSHIRE AREA TEAM,STIA,4749.2,4890,97.120654397
Q53,"ARDEN, HEREFORDSHIRE AND WORCESTERSHIRE AREA TEAM",AF,3773.81,3825,98.661699346
Q53,"ARDEN, HEREFORDSHIRE AND WORCESTERSHIRE AREA TEAM",AST,10014.04,10125,98.904098765
Q53,"ARDEN, HEREFORDSHIRE AND WORCESTERSHIRE AREA TEAM",BP,3303.55,3375,97.882962963
Q53,"ARDEN, HEREFORDSHIRE AND WORCESTERSHIRE AREA TEAM",CAN,2445.2,2475,98.795959596
Q53,"ARDEN, HEREFORDSHIRE AND WORCESTERSHIRE AREA TEAM",CHD,9803.64,10125,96.826074074
Q53,"ARDEN, HEREFORDSHIRE AND WORCESTERSHIRE AREA TEAM",CKD,6931.88,7200,96.276111111
Q53,"ARDEN, HEREFORDSHIRE AND WORCESTERSHIRE AREA TEAM",CON,1544.4,1575,98.057142857
Q53,"ARDEN, HEREFORDSHIRE AND WORCESTERSHIRE AREA TEAM",COPD,7666.32,7875,97.350095238
Q53,"ARDEN, HEREFORDSHIRE AND WORCESTERSHIRE AREA TEAM",CS,4423.31,4500,98.295777778
Q53,"ARDEN, HEREFORDSHIRE AND WORCESTERSHIRE AREA TEAM",CVDPP,2090.79,2250,92.924
Q53,"ARDEN, HEREFORDSHIRE AND WORCESTERSHIRE AREA TEAM",DEM,5615.34,5850,95.988717949
Q53,"ARDEN, HEREFORDSHIRE AND WORCESTERSHIRE AREA TEAM",DEP,2157.6,2250,95.893333333
Q53,"ARDEN, HEREFORDSHIRE AND WORCESTERSHIRE AREA TEAM",DM,17839.64,19350,92.194521964
Q53,"ARDEN, HEREFORDSHIRE AND WORCESTERSHIRE AREA TEAM",EP,225,225,100
Q53,"ARDEN, HEREFORDSHIRE AND WORCESTERSHIRE AREA TEAM",HF,6406.74,6525,98.187586207
Q53,"ARDEN, HEREFORDSHIRE AND WORCESTERSHIRE AREA TEAM",HYP,5760.36,5850,98.467692308
Q53,"ARDEN, HEREFORDSHIRE AND WORCESTERSHIRE AREA TEAM",LD,896,900,99.555555556
Q53,"ARDEN, HEREFORDSHIRE AND WORCESTERSHIRE AREA TEAM",MH,5525.93,5850,94.46034188
Q53,"ARDEN, HEREFORDSHIRE AND WORCESTERSHIRE AREA TEAM",OB,1800,1800,100
Q53,"ARDEN, HEREFORDSHIRE AND WORCESTERSHIRE AREA TEAM",OST,1778,2025,87.802469136
Q53,"ARDEN, HEREFORDSHIRE AND WORCESTERSHIRE AREA TEAM",PAD,1319.01,1350,97.704444444
Q53,"ARDEN, HEREFORDSHIRE AND WORCESTERSHIRE AREA TEAM",PC,1326,1350,98.222222222
Q53,"ARDEN, HEREFORDSHIRE AND WORCESTERSHIRE AREA TEAM",RA,1313.67,1350,97.308888889
Q53,"ARDEN, HEREFORDSHIRE AND WORCESTERSHIRE AREA TEAM",SMOK,13868.29,14400,96.307569444
Q53,"ARDEN, HEREFORDSHIRE AND WORCESTERSHIRE AREA TEAM",STIA,3281.84,3375,97.239703704
Q54,BIRMINGHAM AND THE BLACK COUNTRY AREA TEAM,AF,7486.14,7582,98.735689792
Q54,BIRMINGHAM AND THE BLACK COUNTRY AREA TEAM,AST,19441.04,20070,96.866168411
Q54,BIRMINGHAM AND THE BLACK COUNTRY AREA TEAM,BP,6583.36,6690,98.405979073
Q54,BIRMINGHAM AND THE BLACK COUNTRY AREA TEAM,CAN,4788.64,4906,97.60782715
Q54,BIRMINGHAM AND THE BLACK COUNTRY AREA TEAM,CHD,19002.55,20070,94.681365222
Q54,BIRMINGHAM AND THE BLACK COUNTRY AREA TEAM,CKD,13517.15,14272,94.710972534
Q54,BIRMINGHAM AND THE BLACK COUNTRY AREA TEAM,CON,2984.42,3122,95.593209481
Q54,BIRMINGHAM AND THE BLACK COUNTRY AREA TEAM,COPD,14965.51,15610,95.871300448
Q54,BIRMINGHAM AND THE BLACK COUNTRY AREA TEAM,CS,8551.45,8920,95.868273543
Q54,BIRMINGHAM AND THE BLACK COUNTRY AREA TEAM,CVDPP,3901.53,4460,87.478251121
Q54,BIRMINGHAM AND THE BLACK COUNTRY AREA TEAM,DEM,10950.61,11596,94.434373922
Q54,BIRMINGHAM AND THE BLACK COUNTRY AREA TEAM,DEP,4070.69,4460,91.271076233
Q54,BIRMINGHAM AND THE BLACK COUNTRY AREA TEAM,DM,33799.1,38356,88.119459798
Q54,BIRMINGHAM AND THE BLACK COUNTRY AREA TEAM,EP,446,446,100
Q54,BIRMINGHAM AND THE BLACK COUNTRY AREA TEAM,HF,12602.95,12934,97.440466986
Q54,BIRMINGHAM AND THE BLACK COUNTRY AREA TEAM,HYP,11298.48,11596,97.434287685
Q54,BIRMINGHAM AND THE BLACK COUNTRY AREA TEAM,LD,1780,1784,99.775784753
Q54,BIRMINGHAM AND THE BLACK COUNTRY AREA TEAM,MH,10716.34,11596,92.414108313
Q54,BIRMINGHAM AND THE BLACK COUNTRY AREA TEAM,OB,3568,3568,100
Q54,BIRMINGHAM AND THE BLACK COUNTRY AREA TEAM,OST,2987,4014,74.414549078
Q54,BIRMINGHAM AND THE BLACK COUNTRY AREA TEAM,PAD,2592.46,2676,96.878176383
Q54,BIRMINGHAM AND THE BLACK COUNTRY AREA TEAM,PC,2583,2676,96.524663677
Q54,BIRMINGHAM AND THE BLACK COUNTRY AREA TEAM,RA,2557.17,2676,95.55941704
Q54,BIRMINGHAM AND THE BLACK COUNTRY AREA TEAM,SMOK,27186.09,28544,95.242748038
Q54,BIRMINGHAM AND THE BLACK COUNTRY AREA TEAM,STIA,6435.83,6690,96.200747384
Q55,DERBYSHIRE AND NOTTINGHAMSHIRE AREA TEAM,AF,4469.13,4522,98.830827068
Q55,DERBYSHIRE AND NOTTINGHAMSHIRE AREA TEAM,AST,11779.98,11970,98.412531328
Q55,DERBYSHIRE AND NOTTINGHAMSHIRE AREA TEAM,BP,3945.42,3990,98.882706767
Q55,DERBYSHIRE AND NOTTINGHAMSHIRE AREA TEAM,CAN,2895.6,2926,98.961038961
Q55,DERBYSHIRE AND NOTTINGHAMSHIRE AREA TEAM,CHD,11419.5,11970,95.401002506
Q55,DERBYSHIRE AND NOTTINGHAMSHIRE AREA TEAM,CKD,8147.24,8512,95.714755639
Q55,DERBYSHIRE AND NOTTINGHAMSHIRE AREA TEAM,CON,1795,1862,96.401718582
Q55,DERBYSHIRE AND NOTTINGHAMSHIRE AREA TEAM,COPD,9035.91,9310,97.055961332
Q55,DERBYSHIRE AND NOTTINGHAMSHIRE AREA TEAM,CS,5273.19,5320,99.120112782
Q55,DERBYSHIRE AND NOTTINGHAMSHIRE AREA TEAM,CVDPP,2379,2660,89.436090226
Q55,DERBYSHIRE AND NOTTINGHAMSHIRE AREA TEAM,DEM,6545.59,6916,94.644158473
Q55,DERBYSHIRE AND NOTTINGHAMSHIRE AREA TEAM,DEP,2493.69,2660,93.747744361
Q55,DERBYSHIRE AND NOTTINGHAMSHIRE AREA TEAM,DM,20238.61,22876,88.470930233
Q55,DERBYSHIRE AND NOTTINGHAMSHIRE AREA TEAM,EP,266,266,100
Q55,DERBYSHIRE AND NOTTINGHAMSHIRE AREA TEAM,HF,7586.24,7714,98.343790511
Q55,DERBYSHIRE AND NOTTINGHAMSHIRE AREA TEAM,HYP,6822.89,6916,98.653701562
Q55,DERBYSHIRE AND NOTTINGHAMSHIRE AREA TEAM,LD,1064,1064,100
Q55,DERBYSHIRE AND NOTTINGHAMSHIRE AREA TEAM,MH,6499.43,6916,93.976720648
Q55,DERBYSHIRE AND NOTTINGHAMSHIRE AREA TEAM,OB,2128,2128,100
Q55,DERBYSHIRE AND NOTTINGHAMSHIRE AREA TEAM,OST,2042.78,2394,85.329156224
Q55,DERBYSHIRE AND NOTTINGHAMSHIRE AREA TEAM,PAD,1555.93,1596,97.489348371
Q55,DERBYSHIRE AND NOTTINGHAMSHIRE AREA TEAM,PC,1587,1596,99.436090226
Q55,DERBYSHIRE AND NOTTINGHAMSHIRE AREA TEAM,RA,1544.18,1596,96.753132832
Q55,DERBYSHIRE AND NOTTINGHAMSHIRE AREA TEAM,SMOK,15857.17,17024,93.145970395
Q55,DERBYSHIRE AND NOTTINGHAMSHIRE AREA TEAM,STIA,3878.47,3990,97.204761905
Q56,EAST ANGLIA AREA TEAM,AF,4840.15,4879,99.203730273
Q56,EAST ANGLIA AREA TEAM,AST,12565.38,12915,97.292915215
Q56,EAST ANGLIA AREA TEAM,BP,4234.31,4305,98.357955865
Q56,EAST ANGLIA AREA TEAM,CAN,3114.65,3157,98.658536585
Q56,EAST ANGLIA AREA TEAM,CHD,12242.73,12915,94.794657375
Q56,EAST ANGLIA AREA TEAM,CKD,8618.27,9184,93.840047909
Q56,EAST ANGLIA AREA TEAM,CON,1958.29,2009,97.475858636
Q56,EAST ANGLIA AREA TEAM,COPD,9715.37,10045,96.718466899
Q56,EAST ANGLIA AREA TEAM,CS,5670,5740,98.780487805
Q56,EAST ANGLIA AREA TEAM,CVDPP,2632.11,2870,91.711149826
Q56,EAST ANGLIA AREA TEAM,DEM,7133.29,7462,95.594880729
Q56,EAST ANGLIA AREA TEAM,DEP,2666.98,2870,92.926132404
Q56,EAST ANGLIA AREA TEAM,DM,22352.18,24682,90.560651487
Q56,EAST ANGLIA AREA TEAM,EP,287,287,100
Q56,EAST ANGLIA AREA TEAM,HF,8177.58,8323,98.252793464
Q56,EAST ANGLIA AREA TEAM,HYP,7337.49,7462,98.33141249
Q56,EAST ANGLIA AREA TEAM,LD,1148,1148,100
Q56,EAST ANGLIA AREA TEAM,MH,6936.08,7462,92.952023586
Q56,EAST ANGLIA AREA TEAM,OB,2296,2296,100
Q56,EAST ANGLIA AREA TEAM,OST,2253,2583,87.224157956
Q56,EAST ANGLIA AREA TEAM,PAD,1669.03,1722,96.923925668
Q56,EAST ANGLIA AREA TEAM,PC,1722,1722,100
Q56,EAST ANGLIA AREA TEAM,RA,1652.38,1722,95.957026713
Q56,EAST ANGLIA AREA TEAM,SMOK,17390.01,18368,94.675577091
Q56,EAST ANGLIA AREA TEAM,STIA,4201.75,4305,97.601626016
Q57,ESSEX AREA TEAM,AF,4466.48,4539,98.402291254
Q57,ESSEX AREA TEAM,AST,11559.27,12015,96.206991261
Q57,ESSEX AREA TEAM,BP,3977.88,4005,99.322846442
Q57,ESSEX AREA TEAM,CAN,2822.43,2937,96.099080695
Q57,ESSEX AREA TEAM,CHD,10924.96,12015,90.927673741
Q57,ESSEX AREA TEAM,CKD,7698.91,8544,90.108965356
Q57,ESSEX AREA TEAM,CON,1744.6,1869,93.344034243
Q57,ESSEX AREA TEAM,COPD,8707.86,9345,93.182022472
Q57,ESSEX AREA TEAM,CS,5235.91,5340,98.050749064
Q57,ESSEX AREA TEAM,CVDPP,2096.2,2670,78.509363296
Q57,ESSEX AREA TEAM,DEM,6239.22,6942,89.876404494
Q57,ESSEX AREA TEAM,DEP,2272.89,2670,85.126966292
Q57,ESSEX AREA TEAM,DM,18609.32,22962,81.043985716
Q57,ESSEX AREA TEAM,EP,267,267,100
Q57,ESSEX AREA TEAM,HF,7428.8,7743,95.942141289
Q57,ESSEX AREA TEAM,HYP,6676.42,6942,96.174301354
Q57,ESSEX AREA TEAM,LD,1068,1068,100
Q57,ESSEX AREA TEAM,MH,6096.17,6942,87.815759147
Q57,ESSEX AREA TEAM,OB,2136,2136,100
Q57,ESSEX AREA TEAM,OST,1786,2403,74.323761964
Q57,ESSEX AREA TEAM,PAD,1520.52,1602,94.913857678
Q57,ESSEX AREA TEAM,PC,1539,1602,96.06741573
Q57,ESSEX AREA TEAM,RA,1454.92,1602,90.81897628
Q57,ESSEX AREA TEAM,SMOK,15975.87,17088,93.491748596
Q57,ESSEX AREA TEAM,STIA,3772.09,4005,94.184519351
Q58,HERTFORDSHIRE AND THE SOUTH MIDLANDS AREA TEAM,AF,5292.3,5372,98.516381236
Q58,HERTFORDSHIRE AND THE SOUTH MIDLANDS AREA TEAM,AST,13992.67,14220,98.401336146
Q58,HERTFORDSHIRE AND THE SOUTH MIDLANDS AREA TEAM,BP,4630.13,4740,97.682067511
Q58,HERTFORDSHIRE AND THE SOUTH MIDLANDS AREA TEAM,CAN,3435.75,3476,98.842059839
Q58,HERTFORDSHIRE AND THE SOUTH MIDLANDS AREA TEAM,CHD,13526.47,14220,95.122855134
Q58,HERTFORDSHIRE AND THE SOUTH MIDLANDS AREA TEAM,CKD,9502.23,10112,93.969837816
Q58,HERTFORDSHIRE AND THE SOUTH MIDLANDS AREA TEAM,CON,2163.71,2212,97.816907776
Q58,HERTFORDSHIRE AND THE SOUTH MIDLANDS AREA TEAM,COPD,10724.28,11060,96.964556962
Q58,HERTFORDSHIRE AND THE SOUTH MIDLANDS AREA TEAM,CS,6228,6320,98.544303797
Q58,HERTFORDSHIRE AND THE SOUTH MIDLANDS AREA TEAM,CVDPP,2862.18,3160,90.575316456
Q58,HERTFORDSHIRE AND THE SOUTH MIDLANDS AREA TEAM,DEM,7714.11,8216,93.89130964
Q58,HERTFORDSHIRE AND THE SOUTH MIDLANDS AREA TEAM,DEP,2967.82,3160,93.91835443
Q58,HERTFORDSHIRE AND THE SOUTH MIDLANDS AREA TEAM,DM,24226.86,27176,89.147998234
Q58,HERTFORDSHIRE AND THE SOUTH MIDLANDS AREA TEAM,EP,316,316,100
Q58,HERTFORDSHIRE AND THE SOUTH MIDLANDS AREA TEAM,HF,8970.81,9164,97.89185945
Q58,HERTFORDSHIRE AND THE SOUTH MIDLANDS AREA TEAM,HYP,8041.84,8216,97.88023369
Q58,HERTFORDSHIRE AND THE SOUTH MIDLANDS AREA TEAM,LD,1260,1264,99.683544304
Q58,HERTFORDSHIRE AND THE SOUTH MIDLANDS AREA TEAM,MH,7756.81,8216,94.411027264
Q58,HERTFORDSHIRE AND THE SOUTH MIDLANDS AREA TEAM,OB,2528,2528,100
Q58,HERTFORDSHIRE AND THE SOUTH MIDLANDS AREA TEAM,OST,2353,2844,82.735583685
Q58,HERTFORDSHIRE AND THE SOUTH MIDLANDS AREA TEAM,PAD,1839.3,1896,97.009493671
Q58,HERTFORDSHIRE AND THE SOUTH MIDLANDS AREA TEAM,PC,1866,1896,98.417721519
Q58,HERTFORDSHIRE AND THE SOUTH MIDLANDS AREA TEAM,RA,1816.77,1896,95.821202532
Q58,HERTFORDSHIRE AND THE SOUTH MIDLANDS AREA TEAM,SMOK,19421.64,20224,96.032634494
Q58,HERTFORDSHIRE AND THE SOUTH MIDLANDS AREA TEAM,STIA,4616.37,4740,97.391772152
Q59,LEICESTERSHIRE AND LINCOLNSHIRE AREA TEAM,AF,4038.74,4114,98.17063685
Q59,LEICESTERSHIRE AND LINCOLNSHIRE AREA TEAM,AST,10634.31,10890,97.652066116
Q59,LEICESTERSHIRE AND LINCOLNSHIRE AREA TEAM,BP,3596.58,3630,99.079338843
Q59,LEICESTERSHIRE AND LINCOLNSHIRE AREA TEAM,CAN,2602.61,2662,97.768970699
Q59,LEICESTERSHIRE AND LINCOLNSHIRE AREA TEAM,CHD,10174.14,10890,93.426446281
Q59,LEICESTERSHIRE AND LINCOLNSHIRE AREA TEAM,CKD,7258.6,7744,93.731921488
Q59,LEICESTERSHIRE AND LINCOLNSHIRE AREA TEAM,CON,1632.09,1694,96.345336482
Q59,LEICESTERSHIRE AND LINCOLNSHIRE AREA TEAM,COPD,8053.56,8470,95.083353011
Q59,LEICESTERSHIRE AND LINCOLNSHIRE AREA TEAM,CS,4758.44,4840,98.314876033
Q59,LEICESTERSHIRE AND LINCOLNSHIRE AREA TEAM,CVDPP,2129.99,2420,88.016115702
Q59,LEICESTERSHIRE AND LINCOLNSHIRE AREA TEAM,DEM,5920.64,6292,94.097902098
Q59,LEICESTERSHIRE AND LINCOLNSHIRE AREA TEAM,DEP,2229.38,2420,92.123140496
Q59,LEICESTERSHIRE AND LINCOLNSHIRE AREA TEAM,DM,18732.53,20812,90.008312512
Q59,LEICESTERSHIRE AND LINCOLNSHIRE AREA TEAM,EP,242,242,100
Q59,LEICESTERSHIRE AND LINCOLNSHIRE AREA TEAM,HF,6870.22,7018,97.894271872
Q59,LEICESTERSHIRE AND LINCOLNSHIRE AREA TEAM,HYP,6144.24,6292,97.651621106
Q59,LEICESTERSHIRE AND LINCOLNSHIRE AREA TEAM,LD,960,968,99.173553719
Q59,LEICESTERSHIRE AND LINCOLNSHIRE AREA TEAM,MH,5913.94,6292,93.991417673
Q59,LEICESTERSHIRE AND LINCOLNSHIRE AREA TEAM,OB,1936,1936,100
Q59,LEICESTERSHIRE AND LINCOLNSHIRE AREA TEAM,OST,1821,2178,83.608815427
Q59,LEICESTERSHIRE AND LINCOLNSHIRE AREA TEAM,PAD,1393.12,1452,95.944903581
Q59,LEICESTERSHIRE AND LINCOLNSHIRE AREA TEAM,PC,1407,1452,96.900826446
Q59,LEICESTERSHIRE AND LINCOLNSHIRE AREA TEAM,RA,1375.7,1452,94.745179063
Q59,LEICESTERSHIRE AND LINCOLNSHIRE AREA TEAM,SMOK,14917.73,15488,96.31798812
Q59,LEICESTERSHIRE AND LINCOLNSHIRE AREA TEAM,STIA,3502.57,3630,96.48953168
Q60,SHROPSHIRE AND STAFFORDSHIRE AREA TEAM,AF,4047.22,4097,98.784964608
Q60,SHROPSHIRE AND STAFFORDSHIRE AREA TEAM,AST,10554.98,10845,97.325772245
Q60,SHROPSHIRE AND STAFFORDSHIRE AREA TEAM,BP,3554.14,3615,98.316459198
Q60,SHROPSHIRE AND STAFFORDSHIRE AREA TEAM,CAN,2602.79,2651,98.181440966
Q60,SHROPSHIRE AND STAFFORDSHIRE AREA TEAM,CHD,10359.44,10845,95.522729368
Q60,SHROPSHIRE AND STAFFORDSHIRE AREA TEAM,CKD,7307.46,7712,94.754408714
Q60,SHROPSHIRE AND STAFFORDSHIRE AREA TEAM,CON,1654.56,1687,98.07705987
Q60,SHROPSHIRE AND STAFFORDSHIRE AREA TEAM,COPD,8165.16,8435,96.800948429
Q60,SHROPSHIRE AND STAFFORDSHIRE AREA TEAM,CS,4738.86,4820,98.31659751
Q60,SHROPSHIRE AND STAFFORDSHIRE AREA TEAM,CVDPP,2123.06,2410,88.093775934
Q60,SHROPSHIRE AND STAFFORDSHIRE AREA TEAM,DEM,5915.51,6266,94.406479413
Q60,SHROPSHIRE AND STAFFORDSHIRE AREA TEAM,DEP,2266.1,2410,94.029045643
Q60,SHROPSHIRE AND STAFFORDSHIRE AREA TEAM,DM,18417.1,20726,88.859886133
Q60,SHROPSHIRE AND STAFFORDSHIRE AREA TEAM,EP,241,241,100
Q60,SHROPSHIRE AND STAFFORDSHIRE AREA TEAM,HF,6889.62,6989,98.578051223
Q60,SHROPSHIRE AND STAFFORDSHIRE AREA TEAM,HYP,6142.24,6266,98.024896266
Q60,SHROPSHIRE AND STAFFORDSHIRE AREA TEAM,LD,964,964,100
Q60,SHROPSHIRE AND STAFFORDSHIRE AREA TEAM,MH,5767.72,6266,92.047877434
Q60,SHROPSHIRE AND STAFFORDSHIRE AREA TEAM,OB,1928,1928,100
Q60,SHROPSHIRE AND STAFFORDSHIRE AREA TEAM,OST,1803.33,2169,83.141078838
Q60,SHROPSHIRE AND STAFFORDSHIRE AREA TEAM,PAD,1391.77,1446,96.249654219
Q60,SHROPSHIRE AND STAFFORDSHIRE AREA TEAM,PC,1422,1446,98.340248963
Q60,SHROPSHIRE AND STAFFORDSHIRE AREA TEAM,RA,1389.12,1446,96.066390041
Q60,SHROPSHIRE AND STAFFORDSHIRE AREA TEAM,SMOK,14567.2,15424,94.445020747
Q60,SHROPSHIRE AND STAFFORDSHIRE AREA TEAM,STIA,3524.96,3615,97.509266943
Q64,"BATH, GLOUCESTERSHIRE, SWINDON AND WILTSHIRE AREA TEAM",AF,3256.25,3264,99.762561275
Q64,"BATH, GLOUCESTERSHIRE, SWINDON AND WILTSHIRE AREA TEAM",AST,8526.83,8640,98.690162037
Q64,"BATH, GLOUCESTERSHIRE, SWINDON AND WILTSHIRE AREA TEAM",BP,2829.53,2880,98.247569444
Q64,"BATH, GLOUCESTERSHIRE, SWINDON AND WILTSHIRE AREA TEAM",CAN,2100.83,2112,99.471117424
Q64,"BATH, GLOUCESTERSHIRE, SWINDON AND WILTSHIRE AREA TEAM",CHD,8412.11,8640,97.362384259
Q64,"BATH, GLOUCESTERSHIRE, SWINDON AND WILTSHIRE AREA TEAM",CKD,5960.82,6144,97.018554688
Q64,"BATH, GLOUCESTERSHIRE, SWINDON AND WILTSHIRE AREA TEAM",CON,1322.46,1344,98.397321429
Q64,"BATH, GLOUCESTERSHIRE, SWINDON AND WILTSHIRE AREA TEAM",COPD,6592.62,6720,98.104464286
Q64,"BATH, GLOUCESTERSHIRE, SWINDON AND WILTSHIRE AREA TEAM",CS,3808.12,3840,99.169791667
Q64,"BATH, GLOUCESTERSHIRE, SWINDON AND WILTSHIRE AREA TEAM",CVDPP,1807.78,1920,94.155208333
Q64,"BATH, GLOUCESTERSHIRE, SWINDON AND WILTSHIRE AREA TEAM",DEM,4871.02,4992,97.576522436
Q64,"BATH, GLOUCESTERSHIRE, SWINDON AND WILTSHIRE AREA TEAM",DEP,1872.86,1920,97.544791667
Q64,"BATH, GLOUCESTERSHIRE, SWINDON AND WILTSHIRE AREA TEAM",DM,15612.96,16512,94.555232558
Q64,"BATH, GLOUCESTERSHIRE, SWINDON AND WILTSHIRE AREA TEAM",EP,192,192,100
Q64,"BATH, GLOUCESTERSHIRE, SWINDON AND WILTSHIRE AREA TEAM",HF,5547.22,5568,99.626795977
Q64,"BATH, GLOUCESTERSHIRE, SWINDON AND WILTSHIRE AREA TEAM",HYP,4944.73,4992,99.053084936
Q64,"BATH, GLOUCESTERSHIRE, SWINDON AND WILTSHIRE AREA TEAM",LD,768,768,100
Q64,"BATH, GLOUCESTERSHIRE, SWINDON AND WILTSHIRE AREA TEAM",MH,4815.07,4992,96.455729167
Q64,"BATH, GLOUCESTERSHIRE, SWINDON AND WILTSHIRE AREA TEAM",OB,1536,1536,100
Q64,"BATH, GLOUCESTERSHIRE, SWINDON AND WILTSHIRE AREA TEAM",OST,1633.83,1728,94.550347222
Q64,"BATH, GLOUCESTERSHIRE, SWINDON AND WILTSHIRE AREA TEAM",PAD,1134.92,1152,98.517361111
Q64,"BATH, GLOUCESTERSHIRE, SWINDON AND WILTSHIRE AREA TEAM",PC,1128,1152,97.916666667
Q64,"BATH, GLOUCESTERSHIRE, SWINDON AND WILTSHIRE AREA TEAM",RA,1130.92,1152,98.170138889
Q64,"BATH, GLOUCESTERSHIRE, SWINDON AND WILTSHIRE AREA TEAM",SMOK,11861.22,12288,96.526855469
Q64,"BATH, GLOUCESTERSHIRE, SWINDON AND WILTSHIRE AREA TEAM",STIA,2830.19,2880,98.270486111
Q65,"BRISTOL, NORTH SOMERSET, SOMERSET AND SOUTH GLOUCESTERSHIRE AREA TEAM",AF,2955.56,3043,97.126519882
Q65,"BRISTOL, NORTH SOMERSET, SOMERSET AND SOUTH GLOUCESTERSHIRE AREA TEAM",AST,7133.19,8055,88.556052142
Q65,"BRISTOL, NORTH SOMERSET, SOMERSET AND SOUTH GLOUCESTERSHIRE AREA TEAM",BP,2581.49,2685,96.144878957
Q65,"BRISTOL, NORTH SOMERSET, SOMERSET AND SOUTH GLOUCESTERSHIRE AREA TEAM",CAN,1799.04,1969,91.368207212
Q65,"BRISTOL, NORTH SOMERSET, SOMERSET AND SOUTH GLOUCESTERSHIRE AREA TEAM",CHD,7245.78,8055,89.953817505
Q65,"BRISTOL, NORTH SOMERSET, SOMERSET AND SOUTH GLOUCESTERSHIRE AREA TEAM",CKD,5158.97,5728,90.065817039
Q65,"BRISTOL, NORTH SOMERSET, SOMERSET AND SOUTH GLOUCESTERSHIRE AREA TEAM",CON,1137.63,1253,90.792498005
Q65,"BRISTOL, NORTH SOMERSET, SOMERSET AND SOUTH GLOUCESTERSHIRE AREA TEAM",COPD,5681.39,6265,90.684596967
Q65,"BRISTOL, NORTH SOMERSET, SOMERSET AND SOUTH GLOUCESTERSHIRE AREA TEAM",CS,3509.18,3580,98.021787709
Q65,"BRISTOL, NORTH SOMERSET, SOMERSET AND SOUTH GLOUCESTERSHIRE AREA TEAM",CVDPP,1441.02,1790,80.503910615
Q65,"BRISTOL, NORTH SOMERSET, SOMERSET AND SOUTH GLOUCESTERSHIRE AREA TEAM",DEM,3953.26,4654,84.943274602
Q65,"BRISTOL, NORTH SOMERSET, SOMERSET AND SOUTH GLOUCESTERSHIRE AREA TEAM",DEP,1399.74,1790,78.197765363
Q65,"BRISTOL, NORTH SOMERSET, SOMERSET AND SOUTH GLOUCESTERSHIRE AREA TEAM",DM,13241.38,15394,86.016499935
Q65,"BRISTOL, NORTH SOMERSET, SOMERSET AND SOUTH GLOUCESTERSHIRE AREA TEAM",EP,179,179,100
Q65,"BRISTOL, NORTH SOMERSET, SOMERSET AND SOUTH GLOUCESTERSHIRE AREA TEAM",HF,4906.4,5191,94.51743402
Q65,"BRISTOL, NORTH SOMERSET, SOMERSET AND SOUTH GLOUCESTERSHIRE AREA TEAM",HYP,4477.21,4654,96.201332187
Q65,"BRISTOL, NORTH SOMERSET, SOMERSET AND SOUTH GLOUCESTERSHIRE AREA TEAM",LD,712,716,99.441340782
Q65,"BRISTOL, NORTH SOMERSET, SOMERSET AND SOUTH GLOUCESTERSHIRE AREA TEAM",MH,3961.96,4654,85.130210572
Q65,"BRISTOL, NORTH SOMERSET, SOMERSET AND SOUTH GLOUCESTERSHIRE AREA TEAM",OB,1432,1432,100
Q65,"BRISTOL, NORTH SOMERSET, SOMERSET AND SOUTH GLOUCESTERSHIRE AREA TEAM",OST,1359.95,1611,84.416511484
Q65,"BRISTOL, NORTH SOMERSET, SOMERSET AND SOUTH GLOUCESTERSHIRE AREA TEAM",PAD,1012.31,1074,94.256052142
Q65,"BRISTOL, NORTH SOMERSET, SOMERSET AND SOUTH GLOUCESTERSHIRE AREA TEAM",PC,1056,1074,98.324022346
Q65,"BRISTOL, NORTH SOMERSET, SOMERSET AND SOUTH GLOUCESTERSHIRE AREA TEAM",RA,866.91,1074,80.717877095
Q65,"BRISTOL, NORTH SOMERSET, SOMERSET AND SOUTH GLOUCESTERSHIRE AREA TEAM",SMOK,9808.34,11456,85.617493017
Q65,"BRISTOL, NORTH SOMERSET, SOMERSET AND SOUTH GLOUCESTERSHIRE AREA TEAM",STIA,2519.74,2685,93.845065177
Q66,"DEVON, CORNWALL AND ISLES OF SCILLY AREA TEAM",AF,3817.05,3842,99.350598647
Q66,"DEVON, CORNWALL AND ISLES OF SCILLY AREA TEAM",AST,9959.79,10170,97.933038348
Q66,"DEVON, CORNWALL AND ISLES OF SCILLY AREA TEAM",BP,3352.12,3390,98.88259587
Q66,"DEVON, CORNWALL AND ISLES OF SCILLY AREA TEAM",CAN,2450.94,2486,98.589702333
Q66,"DEVON, CORNWALL AND ISLES OF SCILLY AREA TEAM",CHD,9672.15,10170,95.104719764
Q66,"DEVON, CORNWALL AND ISLES OF SCILLY AREA TEAM",CKD,6871.13,7232,95.010094027
Q66,"DEVON, CORNWALL AND ISLES OF SCILLY AREA TEAM",CON,1548.24,1582,97.865992415
Q66,"DEVON, CORNWALL AND ISLES OF SCILLY AREA TEAM",COPD,7651.79,7910,96.735651075
Q66,"DEVON, CORNWALL AND ISLES OF SCILLY AREA TEAM",CS,4453.77,4520,98.534734513
Q66,"DEVON, CORNWALL AND ISLES OF SCILLY AREA TEAM",CVDPP,2019.59,2260,89.362389381
Q66,"DEVON, CORNWALL AND ISLES OF SCILLY AREA TEAM",DEM,5636.66,5876,95.926820967
Q66,"DEVON, CORNWALL AND ISLES OF SCILLY AREA TEAM",DEP,2151.93,2260,95.218141593
Q66,"DEVON, CORNWALL AND ISLES OF SCILLY AREA TEAM",DM,17428.01,19436,89.668707553
Q66,"DEVON, CORNWALL AND ISLES OF SCILLY AREA TEAM",EP,226,226,100
Q66,"DEVON, CORNWALL AND ISLES OF SCILLY AREA TEAM",HF,6440.92,6554,98.27464144
Q66,"DEVON, CORNWALL AND ISLES OF SCILLY AREA TEAM",HYP,5778.07,5876,98.333390061
Q66,"DEVON, CORNWALL AND ISLES OF SCILLY AREA TEAM",LD,900,904,99.557522124
Q66,"DEVON, CORNWALL AND ISLES OF SCILLY AREA TEAM",MH,5492.49,5876,93.473281144
Q66,"DEVON, CORNWALL AND ISLES OF SCILLY AREA TEAM",OB,1808,1808,100
Q66,"DEVON, CORNWALL AND ISLES OF SCILLY AREA TEAM",OST,1803,2034,88.643067847
Q66,"DEVON, CORNWALL AND ISLES OF SCILLY AREA TEAM",PAD,1323.12,1356,97.575221239
Q66,"DEVON, CORNWALL AND ISLES OF SCILLY AREA TEAM",PC,1338,1356,98.672566372
Q66,"DEVON, CORNWALL AND ISLES OF SCILLY AREA TEAM",RA,1293,1356,95.353982301
Q66,"DEVON, CORNWALL AND ISLES OF SCILLY AREA TEAM",SMOK,13712.21,14464,94.802336836
Q66,"DEVON, CORNWALL AND ISLES OF SCILLY AREA TEAM",STIA,3321.17,3390,97.969616519
Q67,KENT AND MEDWAY AREA TEAM,AF,4320.61,4352,99.278722426
Q67,KENT AND MEDWAY AREA TEAM,AST,11080.03,11520,96.180815972
Q67,KENT AND MEDWAY AREA TEAM,BP,3802.7,3840,99.028645833
Q67,KENT AND MEDWAY AREA TEAM,CAN,2732.15,2816,97.022372159
Q67,KENT AND MEDWAY AREA TEAM,CHD,10985.02,11520,95.356076389
Q67,KENT AND MEDWAY AREA TEAM,CKD,7742.1,8192,94.508056641
Q67,KENT AND MEDWAY AREA TEAM,CON,1677.46,1792,93.608258929
Q67,KENT AND MEDWAY AREA TEAM,COPD,8531.67,8960,95.21953125
Q67,KENT AND MEDWAY AREA TEAM,CS,5055.12,5120,98.7328125
Q67,KENT AND MEDWAY AREA TEAM,CVDPP,2135.82,2560,83.43046875
Q67,KENT AND MEDWAY AREA TEAM,DEM,6243.25,6656,93.798828125
Q67,KENT AND MEDWAY AREA TEAM,DEP,2389.8,2560,93.3515625
Q67,KENT AND MEDWAY AREA TEAM,DM,19610.29,22016,89.072901526
Q67,KENT AND MEDWAY AREA TEAM,EP,256,256,100
Q67,KENT AND MEDWAY AREA TEAM,HF,7299.49,7424,98.322871767
Q67,KENT AND MEDWAY AREA TEAM,HYP,6532.14,6656,98.139122596
Q67,KENT AND MEDWAY AREA TEAM,LD,1024,1024,100
Q67,KENT AND MEDWAY AREA TEAM,MH,6083.22,6656,91.39453125
Q67,KENT AND MEDWAY AREA TEAM,OB,2048,2048,100
Q67,KENT AND MEDWAY AREA TEAM,OST,1854,2304,80.46875
Q67,KENT AND MEDWAY AREA TEAM,PAD,1492.91,1536,97.194661458
Q67,KENT AND MEDWAY AREA TEAM,PC,1458,1536,94.921875
Q67,KENT AND MEDWAY AREA TEAM,RA,1458.75,1536,94.970703125
Q67,KENT AND MEDWAY AREA TEAM,SMOK,15535.78,16384,94.822875977
Q67,KENT AND MEDWAY AREA TEAM,STIA,3721.25,3840,96.907552083
Q68,SURREY AND SUSSEX AREA TEAM,AF,5594.45,5644,99.122076541
Q68,SURREY AND SUSSEX AREA TEAM,AST,14585.36,14940,97.626238286
Q68,SURREY AND SUSSEX AREA TEAM,BP,4760.85,4980,95.59939759
Q68,SURREY AND SUSSEX AREA TEAM,CAN,3596.11,3652,98.469605696
Q68,SURREY AND SUSSEX AREA TEAM,CHD,14264.72,14940,95.480053548
Q68,SURREY AND SUSSEX AREA TEAM,CKD,10095.86,10624,95.028802711
Q68,SURREY AND SUSSEX AREA TEAM,CON,2253.59,2324,96.970309811
Q68,SURREY AND SUSSEX AREA TEAM,COPD,11240.68,11620,96.735628227
Q68,SURREY AND SUSSEX AREA TEAM,CS,6490.75,6640,97.752259036
Q68,SURREY AND SUSSEX AREA TEAM,CVDPP,2931.33,3320,88.293072289
Q68,SURREY AND SUSSEX AREA TEAM,DEM,8245.32,8632,95.520389249
Q68,SURREY AND SUSSEX AREA TEAM,DEP,3217.56,3320,96.914457831
Q68,SURREY AND SUSSEX AREA TEAM,DM,26078.55,28552,91.337034183
Q68,SURREY AND SUSSEX AREA TEAM,EP,332,332,100
Q68,SURREY AND SUSSEX AREA TEAM,HF,9520.65,9628,98.88502285
Q68,SURREY AND SUSSEX AREA TEAM,HYP,8414.07,8632,97.475324374
Q68,SURREY AND SUSSEX AREA TEAM,LD,1328,1328,100
Q68,SURREY AND SUSSEX AREA TEAM,MH,8114.51,8632,94.004981464
Q68,SURREY AND SUSSEX AREA TEAM,OB,2656,2656,100
Q68,SURREY AND SUSSEX AREA TEAM,OST,2587.83,2988,86.607429719
Q68,SURREY AND SUSSEX AREA TEAM,PAD,1934.46,1992,97.111445783
Q68,SURREY AND SUSSEX AREA TEAM,PC,1953,1992,98.042168675
Q68,SURREY AND SUSSEX AREA TEAM,RA,1913.29,1992,96.048694779
Q68,SURREY AND SUSSEX AREA TEAM,SMOK,20321.72,21248,95.640625
Q68,SURREY AND SUSSEX AREA TEAM,STIA,4847.57,4980,97.340763052
Q69,THAMES VALLEY AREA TEAM,AF,3981.02,4012,99.22781655
Q69,THAMES VALLEY AREA TEAM,AST,10462.01,10620,98.512335217
Q69,THAMES VALLEY AREA TEAM,BP,3432.7,3540,96.968926554
Q69,THAMES VALLEY AREA TEAM,CAN,2551.68,2596,98.292758089
Q69,THAMES VALLEY AREA TEAM,CHD,10285.99,10620,96.854896422
Q69,THAMES VALLEY AREA TEAM,CKD,7265.52,7552,96.206567797
Q69,THAMES VALLEY AREA TEAM,CON,1621.28,1652,98.140435835
Q69,THAMES VALLEY AREA TEAM,COPD,8108.52,8260,98.166101695
Q69,THAMES VALLEY AREA TEAM,CS,4628.46,4720,98.06059322
Q69,THAMES VALLEY AREA TEAM,CVDPP,2179.5,2360,92.351694915
Q69,THAMES VALLEY AREA TEAM,DEM,5966.11,6136,97.231258149
Q69,THAMES VALLEY AREA TEAM,DEP,2259.75,2360,95.752118644
Q69,THAMES VALLEY AREA TEAM,DM,18564.93,20296,91.470880962
Q69,THAMES VALLEY AREA TEAM,EP,236,236,100
Q69,THAMES VALLEY AREA TEAM,HF,6759.45,6844,98.764611338
Q69,THAMES VALLEY AREA TEAM,HYP,6067.4,6136,98.882007823
Q69,THAMES VALLEY AREA TEAM,LD,944,944,100
Q69,THAMES VALLEY AREA TEAM,MH,5869.58,6136,95.658083442
Q69,THAMES VALLEY AREA TEAM,OB,1888,1888,100
Q69,THAMES VALLEY AREA TEAM,OST,1901,2124,89.50094162
Q69,THAMES VALLEY AREA TEAM,PAD,1385.4,1416,97.838983051
Q69,THAMES VALLEY AREA TEAM,PC,1401,1416,98.940677966
Q69,THAMES VALLEY AREA TEAM,RA,1383.96,1416,97.737288136
Q69,THAMES VALLEY AREA TEAM,SMOK,14567.55,15104,96.448291843
Q69,THAMES VALLEY AREA TEAM,STIA,3452.91,3540,97.539830508
Q70,WESSEX AREA TEAM,AF,5333.4,5372,99.281459419
Q70,WESSEX AREA TEAM,AST,13988.02,14220,98.368635724
Q70,WESSEX AREA TEAM,BP,4632.06,4740,97.72278481
Q70,WESSEX AREA TEAM,CAN,3444.28,3476,99.087456847
Q70,WESSEX AREA TEAM,CHD,13757.19,14220,96.74535865
Q70,WESSEX AREA TEAM,CKD,9652.51,10112,95.45599288
Q70,WESSEX AREA TEAM,CON,2178.72,2212,98.495479204
Q70,WESSEX AREA TEAM,COPD,10873.16,11060,98.310669078
Q70,WESSEX AREA TEAM,CS,6217.2,6320,98.373417722
Q70,WESSEX AREA TEAM,CVDPP,2933.1,3160,92.819620253
Q70,WESSEX AREA TEAM,DEM,7952.62,8216,96.794303797
Q70,WESSEX AREA TEAM,DEP,3071.78,3160,97.208227848
Q70,WESSEX AREA TEAM,DM,25129.52,27176,92.46953194
Q70,WESSEX AREA TEAM,EP,316,316,100
Q70,WESSEX AREA TEAM,HF,9053.24,9164,98.791357486
Q70,WESSEX AREA TEAM,HYP,8071.41,8216,98.240141188
Q70,WESSEX AREA TEAM,LD,1264,1264,100
Q70,WESSEX AREA TEAM,MH,7832.24,8216,95.329113924
Q70,WESSEX AREA TEAM,OB,2528,2528,100
Q70,WESSEX AREA TEAM,OST,2628,2844,92.405063291
Q70,WESSEX AREA TEAM,PAD,1856.66,1896,97.925105485
Q70,WESSEX AREA TEAM,PC,1890,1896,99.683544304
Q70,WESSEX AREA TEAM,RA,1858.56,1896,98.025316456
Q70,WESSEX AREA TEAM,SMOK,19605.86,20224,96.943532437
Q70,WESSEX AREA TEAM,STIA,4659.22,4740,98.295780591
Q71a,LONDON NORTH EAST AND CENTRAL,AF,9146.33,9367,97.644176364
Q71a,LONDON NORTH EAST AND CENTRAL,AST,24163.86,24795,97.454567453
Q71a,LONDON NORTH EAST AND CENTRAL,BP,8158.54,8265,98.711917725
Q71a,LONDON NORTH EAST AND CENTRAL,CAN,5930.54,6061,97.847549909
Q71a,LONDON NORTH EAST AND CENTRAL,CHD,23551.73,24795,94.985803589
Q71a,LONDON NORTH EAST AND CENTRAL,CKD,16538,17632,93.795372051
Q71a,LONDON NORTH EAST AND CENTRAL,CON,3653.8,3857,94.731656728
Q71a,LONDON NORTH EAST AND CENTRAL,COPD,18274.39,19285,94.759605911
Q71a,LONDON NORTH EAST AND CENTRAL,CS,10598.13,11020,96.171778584
Q71a,LONDON NORTH EAST AND CENTRAL,CVDPP,4578.92,5510,83.10199637
Q71a,LONDON NORTH EAST AND CENTRAL,DEM,13422.29,14326,93.69181907
Q71a,LONDON NORTH EAST AND CENTRAL,DEP,4856.05,5510,88.131578947
Q71a,LONDON NORTH EAST AND CENTRAL,DM,40973.64,47386,86.467817499
Q71a,LONDON NORTH EAST AND CENTRAL,EP,551,551,100
Q71a,LONDON NORTH EAST AND CENTRAL,HF,15480.42,15979,96.879779711
Q71a,LONDON NORTH EAST AND CENTRAL,HYP,13954.3,14326,97.405416725
Q71a,LONDON NORTH EAST AND CENTRAL,LD,2200,2204,99.818511797
Q71a,LONDON NORTH EAST AND CENTRAL,MH,13085.61,14326,91.341686444
Q71a,LONDON NORTH EAST AND CENTRAL,OB,4408,4408,100
Q71a,LONDON NORTH EAST AND CENTRAL,OST,3361,4959,67.775761242
Q71a,LONDON NORTH EAST AND CENTRAL,PAD,3170.66,3306,95.906231095
Q71a,LONDON NORTH EAST AND CENTRAL,PC,3096,3306,93.647912886
Q71a,LONDON NORTH EAST AND CENTRAL,RA,3168.33,3306,95.835753176
Q71a,LONDON NORTH EAST AND CENTRAL,SMOK,33704.88,35264,95.578720508
Q71a,LONDON NORTH EAST AND CENTRAL,STIA,7857.94,8265,95.074894132
Q71b,LONDON NORTH WEST,AF,6607.24,6783,97.408816158
Q71b,LONDON NORTH WEST,AST,17441.84,17955,97.141966026
Q71b,LONDON NORTH WEST,BP,5742.12,5985,95.941854637
Q71b,LONDON NORTH WEST,CAN,4281.5,4389,97.550694919
Q71b,LONDON NORTH WEST,CHD,16774.05,17955,93.422723475
Q71b,LONDON NORTH WEST,CKD,11991.44,12768,93.917919799
Q71b,LONDON NORTH WEST,CON,2653.12,2793,94.991765127
Q71b,LONDON NORTH WEST,COPD,13067.29,13965,93.571715002
Q71b,LONDON NORTH WEST,CS,7383.17,7980,92.520927318
Q71b,LONDON NORTH WEST,CVDPP,3340.33,3990,83.71754386
Q71b,LONDON NORTH WEST,DEM,9664.03,10374,93.156256025
Q71b,LONDON NORTH WEST,DEP,3463.82,3990,86.812531328
Q71b,LONDON NORTH WEST,DM,28705.75,34314,83.656087894
Q71b,LONDON NORTH WEST,EP,398,399,99.749373434
Q71b,LONDON NORTH WEST,HF,11156.6,11571,96.418632789
Q71b,LONDON NORTH WEST,HYP,9958.61,10374,95.995855022
Q71b,LONDON NORTH WEST,LD,1584,1596,99.248120301
Q71b,LONDON NORTH WEST,MH,9392.49,10374,90.538750723
Q71b,LONDON NORTH WEST,OB,3192,3192,100
Q71b,LONDON NORTH WEST,OST,2551,3591,71.038707881
Q71b,LONDON NORTH WEST,PAD,2314.25,2394,96.668755221
Q71b,LONDON NORTH WEST,PC,2289,2394,95.614035088
Q71b,LONDON NORTH WEST,RA,2263.99,2394,94.569340017
Q71b,LONDON NORTH WEST,SMOK,24326.65,25536,95.264136905
Q71b,LONDON NORTH WEST,STIA,5687.63,5985,95.031411863
Q71c,LONDON SOUTH,AF,7633.21,7735,98.684033613
Q71c,LONDON SOUTH,AST,19898.02,20475,97.182026862
Q71c,LONDON SOUTH,BP,6597.54,6825,96.667252747
Q71c,LONDON SOUTH,CAN,4874.51,5005,97.392807193
Q71c,LONDON SOUTH,CHD,19235.65,20475,93.947008547
Q71c,LONDON SOUTH,CKD,13571.94,14560,93.213873626
Q71c,LONDON SOUTH,CON,3049.41,3185,95.742857143
Q71c,LONDON SOUTH,COPD,15179.52,15925,95.318806907
Q71c,LONDON SOUTH,CS,8889.76,9100,97.68967033
Q71c,LONDON SOUTH,CVDPP,3894.44,4550,85.592087912
Q71c,LONDON SOUTH,DEM,11177.73,11830,94.486306002
Q71c,LONDON SOUTH,DEP,4140.64,4550,91.003076923
Q71c,LONDON SOUTH,DM,33650.12,39130,85.995706619
Q71c,LONDON SOUTH,EP,455,455,100
Q71c,LONDON SOUTH,HF,12920.58,13195,97.920272831
Q71c,LONDON SOUTH,HYP,11467.38,11830,96.934742181
Q71c,LONDON SOUTH,LD,1816,1820,99.78021978
Q71c,LONDON SOUTH,MH,10841.51,11830,91.644209637
Q71c,LONDON SOUTH,OB,3632,3640,99.78021978
Q71c,LONDON SOUTH,OST,3246,4095,79.267399267
Q71c,LONDON SOUTH,PAD,2636.83,2730,96.587179487
Q71c,LONDON SOUTH,PC,2625,2730,96.153846154
Q71c,LONDON SOUTH,RA,2620.75,2730,95.998168498
Q71c,LONDON SOUTH,SMOK,27786.04,29120,95.419093407
Q71c,LONDON SOUTH,STIA,6505.48,6825,95.318388278
