ENG_CODE,ENG_GEOGRAPHY_CODE,INDICATOR_GROUP_CODE,INDICATOR_GROUP_DESCRIPTION,ACHIEVED_POINTS,AVAILABLE_POINTS,ACHIEVEMENT_RATE
ENG,E92000001,AF,Atrial fibrillation,130424.15,132243,98.624615292
ENG,E92000001,AST,Asthma,341087.11,350055,97.438148291
ENG,E92000001,BP,Blood pressure,114437.28,116685,98.073685564
ENG,E92000001,CAN,Cancer,83873.24,85569,98.018254274
ENG,E92000001,CHD,Secondary prevention of coronary heart disease,332784.65,350055,95.066389567
ENG,E92000001,CKD,Chronic kidney disease,235879.18,248928,94.757994279
ENG,E92000001,CON,Contraception,52418.27,54453,96.263328008
ENG,E92000001,COPD,Chronic obstructive pulmonary disease,261567.52,272265,96.070930895
ENG,E92000001,CS,Cervical screening,151959.58,155580,97.672952822
ENG,E92000001,CVDPP,Cardiovascular disease � primary prevention,68445.24,77790,87.987196298
ENG,E92000001,DEM,Dementia,191198.45,202254,94.53382875
ENG,E92000001,DEP,Depression,71921.94,77790,92.45653683
ENG,E92000001,DM,Diabetes mellitus,596822.97,668994,89.212006386
ENG,E92000001,EP,Epilepsy,7776,7779,99.961434632
ENG,E92000001,HF,Heart failure,221011.01,225591,97.969781596
ENG,E92000001,HYP,Hypertension,197979.26,202254,97.886449712
ENG,E92000001,LD,Learning Disability,31056,31116,99.807173159
ENG,E92000001,MH,Mental health,187874.1,202254,92.890177697
ENG,E92000001,OB,Obestity,62224,62232,99.987144877
ENG,E92000001,OST,Osteoporosis: secondary prevention of fragility fractures,56959.47,70011,81.357886618
ENG,E92000001,PAD,Peripheral arterial disease,45229.38,46674,96.904872092
ENG,E92000001,PC,Palliative care,45555,46674,97.602519604
ENG,E92000001,RA,Rheumatoid arthritis,44621.38,46674,95.602219651
ENG,E92000001,SMOK,Smoking,473717.29,497856,95.151467493
ENG,E92000001,STIA,Stroke and transient ischaemic attack,112813.41,116685,96.682015683
