INDICATOR_GROUP_CODE,INDICATOR_GROUP_DESCRIPTION,REGISTER_SIZE,ENGLAND_LISTSIZE,PREVALENCE
AF,Atrial fibrillation,926551,56817654,1.630744909
AST,Asthma,3402437,56817654,5.9883447493
CAN,Cancer,1281811,56817654,2.2560083174
CHD,Secondary prevention of coronary heart disease,1843813,56817654,3.2451410261
CKD,Chronic kidney disease,1859963,56817654,3.2735652901
COPD,Chronic obstructive pulmonary disease,1034578,56817654,1.8208741952
CVDPP,Cardiovascular disease � primary prevention,337299,56817654,0.5936517548
DEM,Dementia,419073,56817654,0.7375753318
DEP,Depression,3305363,56817654,5.8174929222
DM,Diabetes mellitus,2913538,56817654,5.1278745159
EP,Epilepsy,357096,56817654,0.6284947985
HF,Heart failure,410783,56817654,0.7229847962
HYP,Hypertension,7833779,56817654,13.787579121
LD,Learning Disability,252446,56817654,0.4443090875
MH,Mental health,500451,56817654,0.8808019423
OB,Obestity,4185697,56817654,7.3668951555
OST,Osteoporosis: secondary prevention of fragility fractures,34992,56817654,0.0615864921
PAD,Peripheral arterial disease,355326,56817654,0.6253795695
PC,Palliative care,177329,56817654,0.3121019393
RA,Rheumatoid arthritis,338080,56817654,0.5950263276
STIA,Stroke and transient ischaemic attack,981836,56817654,1.7280474129
