SUB_REGION_CODE,SUB_REGION_GEOGRAPHY_CODE,SUB_REGION_NAME,REGION_CODE,REGION_GEOGRAPHY_CODE,REGION_NAME,SUB_REGION_PRACTICES,SUB_REGION_LISTSIZE
Q70,E39000025,NHS ENGLAND SOUTH (WESSEX),Y57,E40000004,SOUTH OF ENGLAND COMMISSIONING REGION,316,2815938
Q71,E39000018,NHS ENGLAND LONDON,Y56,E40000003,LONDON COMMISSIONING REGION,1405,9245690
Q72,E39000029,NHS ENGLAND NORTH (YORKSHIRE AND HUMBER),Y54,E40000001,NORTH OF ENGLAND COMMISSIONING REGION,769,5692469
Q73,E39000028,NHS ENGLAND NORTH (LANCASHIRE AND GREATER MANCHESTER),Y54,E40000001,NORTH OF ENGLAND COMMISSIONING REGION,718,4443942
Q74,E39000027,NHS ENGLAND NORTH (CUMBRIA AND NORTH EAST),Y54,E40000001,NORTH OF ENGLAND COMMISSIONING REGION,467,3233249
Q75,E39000026,NHS ENGLAND NORTH (CHESHIRE AND MERSEYSIDE),Y54,E40000001,NORTH OF ENGLAND COMMISSIONING REGION,393,2544868
Q76,E39000032,NHS ENGLAND MIDLANDS AND EAST (NORTH MIDLANDS),Y55,E40000002,MIDLANDS AND EAST OF ENGLAND COMMISSIONING REGION,507,3684150
Q77,E39000033,NHS ENGLAND MIDLANDS AND EAST (WEST MIDLANDS),Y55,E40000002,MIDLANDS AND EAST OF ENGLAND COMMISSIONING REGION,671,4344825
Q78,E39000030,NHS ENGLAND MIDLANDS AND EAST (CENTRAL MIDLANDS),Y55,E40000002,MIDLANDS AND EAST OF ENGLAND COMMISSIONING REGION,558,4727284
Q79,E39000031,NHS ENGLAND MIDLANDS AND EAST (EAST),Y55,E40000002,MIDLANDS AND EAST OF ENGLAND COMMISSIONING REGION,554,4393558
Q80,E39000036,NHS ENGLAND SOUTH (SOUTH WEST),Y57,E40000004,SOUTH OF ENGLAND COMMISSIONING REGION,405,3248036
Q81,E39000035,NHS ENGLAND SOUTH (SOUTH EAST),Y57,E40000004,SOUTH OF ENGLAND COMMISSIONING REGION,588,4682013
Q82,E39000034,NHS ENGLAND SOUTH (SOUTH CENTRAL),Y57,E40000004,SOUTH OF ENGLAND COMMISSIONING REGION,428,3761632
